"gene","atlas","tissue","f_at_0.30","f_at_0.50","f_at_0.70","ci_lo_0.30","ci_hi_0.30","evaluable","dominant","dominant_50","dom_rate","dom_rate_lo","dom_rate_hi","dom_n_eval","dom50_rate","origin_six","in_panel","qualifying"
"MYC","GSE125449","liver_biliary",0.327426599744924,0.531819568673422,0.726064937627431,0.12924412836675,0.66480004141111,TRUE,FALSE,TRUE,0.16,0,1,2000,0.5905,TRUE,TRUE,TRUE
"IL6","GSE125449","liver_biliary",0.0182233762524951,0.041512546256318,0.0917824439955636,0,0.101045110438252,TRUE,FALSE,FALSE,0,0,0,2000,5e-04,TRUE,TRUE,TRUE
"SOCS3","GSE125449","liver_biliary",0.0570576285857309,0.123722081903873,0.247806079090946,0.0228379475623862,0.171107469008546,TRUE,FALSE,FALSE,0,0,0,2000,5e-04,TRUE,TRUE,TRUE
"ACVR1B","GSE125449","liver_biliary",0.552955787368786,0.74267495280827,0.87070608706155,0.390134093053515,0.787828185772511,TRUE,TRUE,TRUE,0.709,0,1,2000,1,FALSE,TRUE,TRUE
"ACVRL1","GSE125449","liver_biliary",0.124068167613141,0.248400870055587,0.435397780225366,0.0166003991127354,0.404048113975444,TRUE,FALSE,FALSE,0.008,0,0,2000,0.089,FALSE,TRUE,TRUE
"BAK1","GSE125449","liver_biliary",0.380766128003533,0.58928252934377,0.769997669466272,0.282045592006972,0.482349232508316,TRUE,FALSE,TRUE,0.006,0,0,2000,0.946,FALSE,TRUE,TRUE
"CBL","GSE125449","liver_biliary",0.251535694182717,0.43951250801796,0.646606810644666,0.119749265589232,0.404677876791038,TRUE,FALSE,FALSE,0.001,0,0,2000,0.255,FALSE,TRUE,TRUE
"CCL7","GSE125449","liver_biliary",NA,NA,NA,NA,NA,FALSE,NA,NA,NA,NA,NA,0,NA,FALSE,TRUE,TRUE
"CCR1","GSE125449","liver_biliary",0.0242436651100211,0.0547972374259054,0.119154441685274,0,0.0570625348285367,TRUE,FALSE,FALSE,0,0,0,2000,0,FALSE,TRUE,TRUE
"CD14","GSE125449","liver_biliary",0.372316010715276,0.580543280618873,0.763560837051825,0.0467042460833441,0.665486659689251,TRUE,FALSE,TRUE,0.2135,0,1,2000,0.5745,FALSE,TRUE,TRUE
"CD36","GSE125449","liver_biliary",0.111516583819565,0.226523813179563,0.405946754921933,0.014363834345042,0.42827951206324,TRUE,FALSE,FALSE,0.009,0,0,2000,0.0795,FALSE,TRUE,TRUE
"CD38","GSE125449","liver_biliary",0.00791927486625725,0.0182852336330881,0.0416501026664089,0.00444862312046183,0.0176534757307485,TRUE,FALSE,FALSE,0,0,0,2000,0,FALSE,TRUE,TRUE
"CD44","GSE125449","liver_biliary",0.328383652237025,0.532900689121799,0.726927823697357,0.063449568499643,0.531995455135694,TRUE,FALSE,TRUE,0.056,0,1,2000,0.5385,FALSE,TRUE,TRUE
"CD9","GSE125449","liver_biliary",0.280921626510051,0.476867332831917,0.680202178445471,0.0633851451349687,0.612632887376078,TRUE,FALSE,FALSE,0.092,0,1,2000,0.402,FALSE,TRUE,TRUE
"CNTFR","GSE125449","liver_biliary",0.587403794863979,0.768620999102603,0.885729058945191,0.217368615805928,1,FALSE,NA,NA,0.75047258979206,0,1,529,0.988657844990548,FALSE,TRUE,TRUE
"CRLF2","GSE125449","liver_biliary",NA,NA,NA,NA,NA,FALSE,NA,NA,NA,NA,NA,0,NA,FALSE,TRUE,TRUE
"CSF1","GSE125449","liver_biliary",0.329666544711834,0.534346883370078,0.728079818626531,0.200739073295163,0.505021521717998,TRUE,FALSE,TRUE,0.0285,0,1,2000,0.6615,FALSE,TRUE,TRUE
"CSF2","GSE125449","liver_biliary",NA,NA,NA,NA,NA,FALSE,NA,NA,NA,NA,NA,0,NA,FALSE,TRUE,TRUE
"CSF2RA","GSE125449","liver_biliary",0.181208646914806,0.340541438432242,0.546469392408559,0.0348122734941025,0.389235724487836,TRUE,FALSE,FALSE,0.003,0,0,2000,0.125,FALSE,TRUE,TRUE
"CSF2RB","GSE125449","liver_biliary",0.00887448279673135,0.0204649718054095,0.04648323021817,0,0.0227498165971305,TRUE,FALSE,FALSE,0,0,0,2000,0,FALSE,TRUE,TRUE
"CSF3R","GSE125449","liver_biliary",0.0494355054958401,0.108216527816165,0.220665668325202,0.0215008525078941,0.12671173918282,TRUE,FALSE,FALSE,0,0,0,2000,0,FALSE,TRUE,TRUE
"CXCL1","GSE125449","liver_biliary",0.940251126478847,0.973488167267655,0.98846300489502,0.828768434400008,0.977028629539649,TRUE,TRUE,TRUE,1,1,1,2000,1,FALSE,TRUE,TRUE
"CXCL10","GSE125449","liver_biliary",0.189073189348875,0.352345360418555,0.559356806743714,0.0663462251965783,0.483938689763059,TRUE,FALSE,FALSE,0.0195,0,0,2000,0.1835,FALSE,TRUE,TRUE
"CXCL11","GSE125449","liver_biliary",0.170174484865377,0.323640085019287,0.527523288936793,0.0609418429091375,0.327738777732644,TRUE,FALSE,FALSE,0,0,0,2000,0.048,FALSE,TRUE,TRUE
"CXCL13","GSE125449","liver_biliary",0.0166057433223699,0.0379074264278334,0.0841951656039944,0.0046842277544752,0.080298142955131,TRUE,FALSE,FALSE,0,0,0,2000,0,FALSE,TRUE,TRUE
"CXCL3","GSE125449","liver_biliary",0.409649830146529,0.618192823488659,0.79070539074065,0.186891069916314,0.720067271316266,TRUE,FALSE,TRUE,0.326,0,1,2000,0.8025,FALSE,TRUE,TRUE
"CXCL9","GSE125449","liver_biliary",0.0616451101972399,0.132913931827858,0.263445135832448,0.0221332594156048,0.212066122732719,TRUE,FALSE,FALSE,0,0,0,2000,0.005,FALSE,TRUE,TRUE
"DNTT","GSE125449","liver_biliary",NA,NA,NA,NA,NA,FALSE,NA,NA,NA,NA,NA,0,NA,FALSE,TRUE,TRUE
"EBI3","GSE125449","liver_biliary",0.0884148046194542,0.184545772846023,0.345574408300011,0.0127320835826351,0.307833862517801,TRUE,FALSE,FALSE,0.002,0,0,2000,0.0285,FALSE,TRUE,TRUE
"FAS","GSE125449","liver_biliary",0.248466441390267,0.435484112843621,0.642857368748952,0.102183970845248,0.472711731985425,TRUE,FALSE,FALSE,0.016,0,0,2000,0.2705,FALSE,TRUE,TRUE
"GRB2","GSE125449","liver_biliary",0.260969966523765,0.451741848461582,0.657835321138058,0.165935434947616,0.37185548690356,TRUE,FALSE,FALSE,0,0,0,2000,0.26,FALSE,TRUE,TRUE
"HAX1","GSE125449","liver_biliary",0.495090501815339,0.695859760325552,0.842235612322128,0.380047745968476,0.623439864433203,TRUE,FALSE,TRUE,0.4865,0,1,2000,1,FALSE,TRUE,TRUE
"IFNGR1","GSE125449","liver_biliary",0.388563529302822,0.597231650917464,0.775780014070937,0.19518945966979,0.607705685366179,TRUE,FALSE,TRUE,0.1565,0,1,2000,0.795,FALSE,TRUE,TRUE
"IFNGR2","GSE125449","liver_biliary",0.440527847094335,0.647547837118336,0.81085504542993,0.302033553767002,0.59821341279308,TRUE,FALSE,TRUE,0.221,0,1,2000,0.9775,FALSE,TRUE,TRUE
"IL10RB","GSE125449","liver_biliary",0.344499707096938,0.550821972368282,0.741022578123848,0.254246976545112,0.460347198515586,TRUE,FALSE,TRUE,0.004,0,0,2000,0.8175,FALSE,TRUE,TRUE
"IL12RB1","GSE125449","liver_biliary",0.0246210070514104,0.0556230233207562,0.120826103516865,0.0133267443713482,0.047486112183407,TRUE,FALSE,FALSE,0,0,0,2000,0,FALSE,TRUE,TRUE
"IL13RA1","GSE125449","liver_biliary",0.50508380119492,0.704253095490185,0.847474845286407,0.379760818065348,0.655668763875063,TRUE,TRUE,TRUE,0.5175,0,1,2000,1,FALSE,TRUE,TRUE
"IL15RA","GSE125449","liver_biliary",0.449250630066343,0.65556655373415,0.81621284028629,0.233773230489153,0.650299712245625,TRUE,FALSE,TRUE,0.306,0,1,2000,0.9005,FALSE,TRUE,TRUE
"IL17RA","GSE125449","liver_biliary",0.271145602040143,0.464678888713068,0.669467513434294,0.218665386782468,0.362160159748755,TRUE,FALSE,FALSE,0,0,0,2000,0.2285,FALSE,TRUE,TRUE
"IL17RB","GSE125449","liver_biliary",0.859256782176148,0.934406109368608,0.97079361224118,0.718075044538041,0.947619519180991,TRUE,TRUE,TRUE,1,1,1,2000,1,FALSE,TRUE,TRUE
"IL18R1","GSE125449","liver_biliary",0.169658689005396,0.322840102865272,0.526611727605391,0.0873118426596835,0.276192459096325,TRUE,FALSE,FALSE,0,0,0,2000,0.01,FALSE,TRUE,TRUE
"IL1B","GSE125449","liver_biliary",0.0166826535946363,0.0380791761150885,0.0845582020450103,0.00175441477742646,0.0395354152444006,TRUE,FALSE,FALSE,0,0,0,2000,0,FALSE,TRUE,TRUE
"IL1R1","GSE125449","liver_biliary",0.427738751609694,0.635576280642784,0.802740712773232,0.278601350683538,0.626127179460397,TRUE,FALSE,TRUE,0.223,0,1,2000,0.9405,FALSE,TRUE,TRUE
"IL1R2","GSE125449","liver_biliary",0.72757790538149,0.861721963884449,0.935653587026441,0.525754508737557,0.864696856876581,TRUE,TRUE,TRUE,0.9885,1,1,2000,1,FALSE,TRUE,TRUE
"IL2RA","GSE125449","liver_biliary",0.0290771032664354,0.0653143706866969,0.140191505033145,0.00665846140303875,0.0696521137850163,TRUE,FALSE,FALSE,0,0,0,2000,0,FALSE,TRUE,TRUE
"IL2RG","GSE125449","liver_biliary",0.161587384588575,0.310203857370878,0.512030536981092,0.0655367281894243,0.305231807503351,TRUE,FALSE,FALSE,5e-04,0,0,2000,0.0325,FALSE,TRUE,TRUE
"IL3RA","GSE125449","liver_biliary",0.0139817889398309,0.0320271124245752,0.0716694419573749,0.00329165195259826,0.0303983381688742,TRUE,FALSE,FALSE,0,0,0,2000,0,FALSE,TRUE,TRUE
"IL4R","GSE125449","liver_biliary",0.275667370515126,0.470345369531628,0.674484795231582,0.222810349414437,0.370879067995746,TRUE,FALSE,FALSE,0,0,0,2000,0.3235,FALSE,TRUE,TRUE
"IL6ST","GSE125449","liver_biliary",0.337419508045397,0.543014112502747,0.734929872528973,0.216595365403581,0.578038230412312,TRUE,FALSE,TRUE,0.097,0,1,2000,0.705,FALSE,TRUE,TRUE
"IL7","GSE125449","liver_biliary",0.447180128576252,0.653673750782272,0.814953662296143,0.304929744009314,0.609093575845344,TRUE,FALSE,TRUE,0.2715,0,1,2000,0.98,FALSE,TRUE,TRUE
"IL9R","GSE125449","liver_biliary",NA,NA,NA,NA,NA,FALSE,NA,NA,NA,NA,NA,0,NA,FALSE,TRUE,TRUE
"INHBE","GSE125449","liver_biliary",0.994563518947987,0.997662818954584,0.998997011457215,0.93545353642282,0.998578515771574,TRUE,TRUE,TRUE,1,1,1,1998,1,FALSE,TRUE,TRUE
"IRF9","GSE125449","liver_biliary",0.142781576694846,0.279875577339994,0.475574206361918,0.0534841428531196,0.324161045564482,TRUE,FALSE,FALSE,5e-04,0,0,2000,0.0415,FALSE,TRUE,TRUE
"ITGA4","GSE125449","liver_biliary",0.0107306678582671,0.0246850423486096,0.055763080153324,0.00355540102010724,0.0227951000798997,TRUE,FALSE,FALSE,0,0,0,2000,0,FALSE,TRUE,TRUE
"ITGB3","GSE125449","liver_biliary",NA,NA,NA,NA,NA,FALSE,NA,NA,NA,NA,NA,0,NA,FALSE,TRUE,TRUE
"JUN","GSE125449","liver_biliary",0.184530424612641,0.345551342756951,0.551973080789533,0.0954704119849782,0.329942649952433,TRUE,FALSE,FALSE,0,0,0,2000,0.0545,FALSE,TRUE,TRUE
"LEPR","GSE125449","liver_biliary",0.714508728700812,0.853795030867219,0.931628590474998,0.444957384331283,0.847672929118237,TRUE,TRUE,TRUE,0.945,0,1,2000,1,FALSE,TRUE,TRUE
"LTB","GSE125449","liver_biliary",0.0822947735052145,0.173034672592742,0.32805991587155,0.0274277381866841,0.170221269214076,TRUE,FALSE,FALSE,0,0,0,2000,0,FALSE,TRUE,TRUE
"LTBR","GSE125449","liver_biliary",0.560216070244543,0.74825682968838,0.873981967582297,0.39227031737973,0.765328433457758,TRUE,TRUE,TRUE,0.7205,0,1,2000,1,FALSE,TRUE,TRUE
"MAP3K8","GSE125449","liver_biliary",0.332292861904637,0.537296815678669,0.730421621482809,0.0791616708147549,0.58084400969818,TRUE,FALSE,TRUE,0.105,0,1,2000,0.546,FALSE,TRUE,TRUE
"OSMR","GSE125449","liver_biliary",0.61512823530248,0.788551861972747,0.896925084269113,0.385385286642705,0.834464419971007,TRUE,TRUE,TRUE,0.818,0,1,2000,0.9965,FALSE,TRUE,TRUE
"PDGFC","GSE125449","liver_biliary",0.696545313728775,0.842665824192707,0.925909986851585,0.579990175970184,0.806878693208654,TRUE,TRUE,TRUE,1,1,1,2000,1,FALSE,TRUE,TRUE
"PF4","GSE125449","liver_biliary",0.918030056907381,0.963143675340331,0.983864608735015,0.487992158377068,1,TRUE,TRUE,TRUE,0.991769547325103,1,1,1701,1,FALSE,TRUE,TRUE
"PIK3R5","GSE125449","liver_biliary",0.0365761219631107,0.0813757392936035,0.171291435428229,0.00713500734230808,0.087399123231654,TRUE,FALSE,FALSE,0,0,0,2000,0,FALSE,TRUE,TRUE
"PLA2G2A","GSE125449","liver_biliary",0.840423727437206,0.924748227558859,0.966300111024377,0.474589460545429,0.947627950282839,TRUE,TRUE,TRUE,0.969,0,1,2000,0.997,FALSE,TRUE,TRUE
"PTPN1","GSE125449","liver_biliary",0.250608412468133,0.438298055817315,0.645479132045488,0.126377510595086,0.404759296138516,TRUE,FALSE,FALSE,5e-04,0,0,2000,0.261,FALSE,TRUE,TRUE
"PTPN11","GSE125449","liver_biliary",0.59030605940137,0.770746052147066,0.886936769852569,0.47042984323153,0.710415843929325,TRUE,TRUE,TRUE,0.924,0,1,2000,1,FALSE,TRUE,TRUE
"PTPN2","GSE125449","liver_biliary",0.313704492329791,0.516104675251223,0.713355853859736,0.228922842714341,0.42509689330211,TRUE,FALSE,TRUE,0,0,0,2000,0.628,FALSE,TRUE,TRUE
"REG1A","GSE125449","liver_biliary",0.976727590503501,0.989891684583968,0.995642696249889,0.702237452696298,0.996481288037661,TRUE,TRUE,TRUE,0.989494747373687,1,1,1999,0.994497248624312,FALSE,TRUE,TRUE
"SOCS1","GSE125449","liver_biliary",0.109722035676232,0.223343772132551,0.401555557678894,0.0547074594532345,0.258441148166931,TRUE,FALSE,FALSE,0,0,0,2000,0.0075,FALSE,TRUE,TRUE
"STAM2","GSE125449","liver_biliary",0.522123176328602,0.718260287664967,0.856084928519505,0.382291004294811,0.673347090500676,TRUE,TRUE,TRUE,0.608,0,1,2000,0.9995,FALSE,TRUE,TRUE
"STAT2","GSE125449","liver_biliary",0.417731800422121,0.626026156412331,0.796166387256737,0.285259362613679,0.577458298104891,TRUE,FALSE,TRUE,0.1535,0,1,2000,0.9565,FALSE,TRUE,TRUE
"STAT3","GSE125449","liver_biliary",0.201262967656961,0.370255339874319,0.578392105546893,0.115333558789092,0.394419847728659,TRUE,FALSE,FALSE,0.002,0,0,2000,0.1485,FALSE,TRUE,TRUE
"TGFB1","GSE125449","liver_biliary",0.227296624839041,0.407009584765356,0.615610088903301,0.110311048657723,0.383133422559147,TRUE,FALSE,FALSE,5e-04,0,0,2000,0.17,FALSE,TRUE,TRUE
"TLR2","GSE125449","liver_biliary",0.133829867576401,0.264985691082064,0.456878321998057,0.020774471464679,0.42199648720848,TRUE,FALSE,FALSE,0.0105,0,0,2000,0.088,FALSE,TRUE,TRUE
"TNF","GSE125449","liver_biliary",0.0279887859680272,0.0629576882436716,0.135524832374058,0.0180783890412334,0.0447137560289064,TRUE,FALSE,FALSE,0,0,0,2000,0,FALSE,TRUE,TRUE
"TNFRSF12A","GSE125449","liver_biliary",0.855992190823265,0.932748205439788,0.97002591014086,0.723284914355091,0.934639550425102,TRUE,TRUE,TRUE,1,1,1,2000,1,FALSE,TRUE,TRUE
"TNFRSF1A","GSE125449","liver_biliary",0.33460471993382,0.539881718309242,0.732464840481338,0.195460206585066,0.598047369696525,TRUE,FALSE,TRUE,0.099,0,1,2000,0.661,FALSE,TRUE,TRUE
"TNFRSF1B","GSE125449","liver_biliary",0.0602017170382485,0.13003305547421,0.258578749587136,0.0348143318417803,0.102799491949497,TRUE,FALSE,FALSE,0,0,0,2000,0,FALSE,TRUE,TRUE
"TNFRSF21","GSE125449","liver_biliary",0.652546756356034,0.814202320491607,0.910914171520025,0.382399126865805,0.837758231777203,TRUE,TRUE,TRUE,0.8635,0,1,2000,0.9975,FALSE,TRUE,TRUE
"ABCA1","GSE125449","liver_biliary",0.445125020232386,0.65178853443735,0.813696151198147,0.296610356958025,0.604568644505477,TRUE,FALSE,TRUE,0.2395,0,1,2000,0.9735,FALSE,TRUE,TRUE
"AKAP12","GSE125449","liver_biliary",0.328604290255801,0.533149657518303,0.727126329489529,0.124592259097025,0.755436267276174,TRUE,FALSE,TRUE,0.206,0,1,2000,0.5865,FALSE,TRUE,TRUE
"BCL2L1","GSE125449","liver_biliary",0.619239249287468,0.791438520928314,0.898522641558509,0.434051936208556,0.785737885464024,TRUE,TRUE,TRUE,0.887,0,1,2000,1,FALSE,TRUE,TRUE
"BCL6","GSE125449","liver_biliary",0.245999660564073,0.432228466567267,0.639808495467047,0.160547544549823,0.407892980740237,TRUE,FALSE,FALSE,0.002,0,0,2000,0.2555,FALSE,TRUE,TRUE
"CCND1","GSE125449","liver_biliary",0.443289230002736,0.650099014555767,0.812566299700997,0.236074775050741,0.78912412549007,TRUE,FALSE,TRUE,0.401,0,1,2000,0.877,FALSE,TRUE,TRUE
"CCND3","GSE125449","liver_biliary",0.212103903521451,0.385802229680136,0.59442910420274,0.114316820653327,0.362631117023891,TRUE,FALSE,FALSE,5e-04,0,0,2000,0.112,FALSE,TRUE,TRUE
"CDK4","GSE125449","liver_biliary",0.60613937519376,0.782179122582828,0.893376919411687,0.362293475458211,0.774414204778908,TRUE,TRUE,TRUE,0.765,0,1,2000,0.9965,FALSE,TRUE,TRUE
"CDKN1A","GSE125449","liver_biliary",0.209649620285857,0.382313323263716,0.59086853608953,0.118487765526334,0.444084991624091,TRUE,FALSE,FALSE,0.007,0,0,2000,0.1945,FALSE,TRUE,TRUE
"CDKN1B","GSE125449","liver_biliary",0.199301403805121,0.367404340982688,0.575402809115868,0.139879322371895,0.28298748825976,TRUE,FALSE,FALSE,0,0,0,2000,0.0105,FALSE,TRUE,TRUE
"CFLAR","GSE125449","liver_biliary",0.361453127381143,0.569113494158253,0.755013589950782,0.209370967750851,0.527853896115163,TRUE,FALSE,TRUE,0.0545,0,1,2000,0.749,FALSE,TRUE,TRUE
"CISH","GSE125449","liver_biliary",0.303975911189979,0.504715372462225,0.703946027277581,0.138026489715723,0.470244691507517,TRUE,FALSE,TRUE,0.014,0,0,2000,0.465,FALSE,TRUE,TRUE
"COPS5","GSE125449","liver_biliary",0.50981108337899,0.70817712884404,0.849903589188458,0.391462647880134,0.64411555870891,TRUE,TRUE,TRUE,0.5735,0,1,2000,0.9995,FALSE,TRUE,TRUE
"CXCL8","GSE125449","liver_biliary",0.58735496052085,0.768585163441701,0.885708663829319,0.278027634111673,0.808372086018842,TRUE,TRUE,TRUE,0.71,0,1,2000,0.9645,FALSE,TRUE,TRUE
"DDIT3","GSE125449","liver_biliary",0.58341206175371,0.765683120284818,0.884053825344863,0.345753739133946,0.765488476441091,TRUE,TRUE,TRUE,0.726,0,1,2000,0.9915,FALSE,TRUE,TRUE
"DNMT1","GSE125449","liver_biliary",0.288638197069726,0.486326081880186,0.688386871201512,0.148926974693266,0.416117511033217,TRUE,FALSE,FALSE,0.001,0,0,2000,0.4295,FALSE,TRUE,TRUE
"EPAS1","GSE125449","liver_biliary",0.0867569065961683,0.181444079333506,0.340897694106169,0.0447541125361488,0.356864140997301,TRUE,FALSE,FALSE,0.0055,0,0,2000,0.0465,FALSE,TRUE,TRUE
"ESR2","GSE125449","liver_biliary",0.173341168283365,0.328531917470828,0.533068003144654,0.079230726437161,0.389039738085826,TRUE,FALSE,FALSE,0.004,0,0,2000,0.1075,FALSE,TRUE,TRUE
"ETV6","GSE125449","liver_biliary",0.303709653057288,0.504400705932754,0.703683624544803,0.1983188193436,0.436077855939901,TRUE,FALSE,TRUE,0.002,0,0,2000,0.494,FALSE,TRUE,TRUE
"FGG","GSE125449","liver_biliary",0.952342253414922,0.979003452527183,0.990892204071891,0.784103419527078,0.995186458644183,TRUE,TRUE,TRUE,0.9995,1,1,2000,1,FALSE,TRUE,TRUE
"FGL1","GSE125449","liver_biliary",0.865555919553939,0.937586152782389,0.972261928473382,0.52788864922081,0.992724371778508,TRUE,TRUE,TRUE,0.9805,1,1,2000,0.9985,FALSE,TRUE,TRUE
"FOS","GSE125449","liver_biliary",0.176819378512631,0.333866468020648,0.539057472737503,0.0950694121372201,0.404125595404681,TRUE,FALSE,FALSE,0.0015,0,0,2000,0.1245,FALSE,TRUE,TRUE
"GFAP","GSE125449","liver_biliary",0.638028431311689,0.804414181732801,0.905630452022205,0.129121221537028,0.866596463747048,TRUE,TRUE,TRUE,0.953299492385787,0,1,985,1,FALSE,TRUE,TRUE
"GREB1","GSE125449","liver_biliary",0.700265929700025,0.844993564199995,0.927112667123322,0.270383355185537,0.889236690988197,TRUE,TRUE,TRUE,0.766,0,1,2000,0.959,FALSE,TRUE,TRUE
"HSPA4","GSE125449","liver_biliary",0.480599644977346,0.683446791280228,0.834374803456924,0.326166605821414,0.633636246938669,TRUE,FALSE,TRUE,0.4105,0,1,2000,0.9895,FALSE,TRUE,TRUE
"HSPB1","GSE125449","liver_biliary",0.46569779021315,0.67037313009356,0.825947036597668,0.253681352382773,0.705645926573851,TRUE,FALSE,TRUE,0.4495,0,1,2000,0.9385,FALSE,TRUE,TRUE
"ICAM1","GSE125449","liver_biliary",0.305084769407402,0.506024124263326,0.705035994416271,0.13631332644775,0.609903730696325,TRUE,FALSE,TRUE,0.163,0,1,2000,0.5565,FALSE,TRUE,TRUE
"IKBKE","GSE125449","liver_biliary",0.464311528731478,0.669140625,0.82514450867052,0.266957319128725,0.635140551361795,TRUE,FALSE,TRUE,0.3615,0,1,2000,0.9425,FALSE,TRUE,TRUE
"JAK2","GSE125449","liver_biliary",0.282965646641612,0.479386592606238,0.682394408810359,0.177931741087398,0.404037118651467,TRUE,FALSE,FALSE,5e-04,0,0,2000,0.356,FALSE,TRUE,TRUE
"JUNB","GSE125449","liver_biliary",0.0913257710791314,0.189962205940139,0.353667262677595,0.0463778910199598,0.2317124673123,TRUE,FALSE,FALSE,0,0,0,2000,0.0035,FALSE,TRUE,TRUE
"KRT17","GSE125449","liver_biliary",0.985854205174954,0.993888112211754,0.997371439251701,0.947117844789317,0.995497330695316,TRUE,TRUE,TRUE,1,1,1,2000,1,FALSE,TRUE,TRUE
"LEP","GSE125449","liver_biliary",NA,NA,NA,NA,NA,FALSE,NA,NA,NA,NA,NA,0,NA,FALSE,TRUE,TRUE
"LGALS3BP","GSE125449","liver_biliary",0.635808509971774,0.802899451435225,0.904806836471635,0.425142110412375,0.809354143560941,TRUE,TRUE,TRUE,0.898,0,1,2000,0.9985,FALSE,TRUE,TRUE
"LTBP1","GSE125449","liver_biliary",0.197224839984819,0.364373330812318,0.572207994655384,0.0774804515084441,0.416501774126632,TRUE,FALSE,FALSE,0.007,0,0,2000,0.1315,FALSE,TRUE,TRUE
"MCL1","GSE125449","liver_biliary",0.297258583652568,0.49672786598479,0.697244193532759,0.216323394664975,0.429790866234818,TRUE,FALSE,FALSE,0.002,0,0,2000,0.5365,FALSE,TRUE,TRUE
"MDC1","GSE125449","liver_biliary",0.465247771659959,0.669973333333333,0.825686867359011,0.377729766434399,0.581079596014486,TRUE,FALSE,TRUE,0.2495,0,1,2000,1,FALSE,TRUE,TRUE
"MMP1","GSE125449","liver_biliary",0.82457354312705,0.916440966997693,0.962393342462867,0.425339054911164,0.943928397683142,TRUE,TRUE,TRUE,0.953,0,1,2000,0.9935,FALSE,TRUE,TRUE
"MMP7","GSE125449","liver_biliary",0.979881879544691,0.991277675938514,0.996243136211697,0.841876207001056,0.997015590923695,TRUE,TRUE,TRUE,1,1,1,2000,1,FALSE,TRUE,TRUE
"MUC1","GSE125449","liver_biliary",0.982658433159379,0.992493514658426,0.996769076063227,0.950561513869479,0.994652559159568,TRUE,TRUE,TRUE,1,1,1,2000,1,FALSE,TRUE,TRUE
"NME1","GSE125449","liver_biliary",0.679662551209067,0.831951192685282,0.920328385560304,0.577621545583127,0.767766126709891,TRUE,TRUE,TRUE,1,1,1,2000,1,FALSE,TRUE,TRUE
"OAS1","GSE125449","liver_biliary",0.445151324116093,0.651812704788077,0.813712295146861,0.254122554480831,0.647114009549799,TRUE,FALSE,TRUE,0.29,0,1,2000,0.893,FALSE,TRUE,TRUE
"OPRM1","GSE125449","liver_biliary",NA,NA,NA,NA,NA,FALSE,NA,NA,NA,NA,NA,0,NA,FALSE,TRUE,TRUE
"PAX3","GSE125449","liver_biliary",NA,NA,NA,NA,NA,FALSE,NA,NA,NA,NA,NA,0,NA,FALSE,TRUE,TRUE
"PHB","GSE125449","liver_biliary",0.612682857040667,0.78682651233292,0.895967362309744,0.50270316885193,0.723043373430895,TRUE,TRUE,TRUE,0.9765,1,1,2000,1,FALSE,TRUE,TRUE
"POU2F1","GSE125449","liver_biliary",0.403905242603986,0.612558248684166,0.786738428417653,0.280125535522483,0.58144780985401,TRUE,FALSE,TRUE,0.132,0,1,2000,0.9425,FALSE,TRUE,TRUE
"PPARA","GSE125449","liver_biliary",0.574961816015067,0.759405415208528,0.880452304744994,0.388562421712292,0.723452009040563,TRUE,TRUE,TRUE,0.782,0,1,2000,0.9975,FALSE,TRUE,TRUE
"PRDM1","GSE125449","liver_biliary",0.0251008886146939,0.0566720484016247,0.122944739314267,0.00794544439508591,0.087034947797587,TRUE,FALSE,FALSE,0,0,0,2000,0,FALSE,TRUE,TRUE
"PROS1","GSE125449","liver_biliary",0.561984028502377,0.749606724253944,0.874770528984544,0.376953210189358,0.766802053920068,TRUE,TRUE,TRUE,0.7285,0,1,2000,0.9975,FALSE,TRUE,TRUE
"PSMB5","GSE125449","liver_biliary",0.589117954471825,0.769877229173829,0.886443408186696,0.448786073111775,0.752700171587519,TRUE,TRUE,TRUE,0.8775,0,1,2000,1,FALSE,TRUE,TRUE
"PTGS2","GSE125449","liver_biliary",0.104929748216587,0.214786138582825,0.389594882729211,0.0258621774155572,0.261697766622124,TRUE,FALSE,FALSE,5e-04,0,0,2000,0.014,FALSE,TRUE,TRUE
"PTPN6","GSE125449","liver_biliary",0.183805449628256,0.344460976295971,0.550779535838777,0.124028810610536,0.263427828810534,TRUE,FALSE,FALSE,0,0,0,2000,0.0015,FALSE,TRUE,TRUE
"ROR1","GSE125449","liver_biliary",0.765259008000724,0.883811451989485,0.946663728607255,0.519113979545678,0.902642810309101,TRUE,TRUE,TRUE,0.977988994497249,1,1,1999,0.996498249124562,FALSE,TRUE,TRUE
"S100A11","GSE125449","liver_biliary",0.675818385240057,0.829476030336766,0.919028225315862,0.446514513186703,0.802638388265685,TRUE,TRUE,TRUE,0.944,0,1,2000,0.9995,FALSE,TRUE,TRUE
"S1PR1","GSE125449","liver_biliary",0.0189259182329623,0.0430735342928699,0.0950462747186896,0.0029853432414899,0.0907393180852586,TRUE,FALSE,FALSE,0,0,0,2000,0,FALSE,TRUE,TRUE
"SALL4","GSE125449","liver_biliary",0.857368649816261,0.933448053344805,0.970350163230625,0.36294743969143,0.957790633586543,TRUE,TRUE,TRUE,0.996413199426112,1,1,1394,1,FALSE,TRUE,TRUE
"SHH","GSE125449","liver_biliary",0.968505352257848,0.986254924504262,0.99406261921777,0.895815070851883,1,TRUE,TRUE,TRUE,1,1,1,2000,1,FALSE,TRUE,TRUE
"STK11","GSE125449","liver_biliary",0.451229620471899,0.657369600589445,0.817409158581876,0.335671122964784,0.600287677098046,TRUE,FALSE,TRUE,0.2715,0,1,2000,0.9985,FALSE,TRUE,TRUE
"TIMP1","GSE125449","liver_biliary",0.281179710679147,0.477185973106887,0.680479952702587,0.0998934209662746,0.553722183420825,TRUE,FALSE,FALSE,0.0525,0,1,2000,0.413,FALSE,TRUE,TRUE
"TNFRSF10B","GSE125449","liver_biliary",0.50731722810626,0.706110700895385,0.848626224508258,0.369931388678036,0.691631995201296,TRUE,TRUE,TRUE,0.55,0,1,2000,1,FALSE,TRUE,TRUE
"TP53","GSE125449","liver_biliary",0.376965116102439,0.585367677981706,0.767124630436067,0.253223519525632,0.532459176012566,TRUE,FALSE,TRUE,0.064,0,1,2000,0.873,FALSE,TRUE,TRUE
"TP63","GSE125449","liver_biliary",0.457600801402454,0.663134209189228,0.821213483146067,0.115567017745191,0.790513491935937,FALSE,NA,NA,0.507042253521127,0,1,639,0.915492957746479,FALSE,TRUE,TRUE
"VDR","GSE125449","liver_biliary",0.285385413432485,0.482356103367508,0.684966933329179,0.108833970050195,0.470040797604551,TRUE,FALSE,FALSE,0.0125,0,0,2000,0.393,FALSE,TRUE,TRUE
"VEGFA","GSE125449","liver_biliary",0.875688710740925,0.942649865052077,0.974588600927446,0.811302052449471,0.919877684338788,TRUE,TRUE,TRUE,1,1,1,2000,1,FALSE,TRUE,TRUE
"VEGFB","GSE125449","liver_biliary",0.598421940250562,0.776639984991558,0.890268817204301,0.442997066544959,0.702149077464602,TRUE,TRUE,TRUE,0.8945,0,1,2000,1,FALSE,TRUE,TRUE
"ZFP36","GSE125449","liver_biliary",0.103357413314756,0.211957464104327,0.385594556956776,0.0501060014980093,0.276508470090802,TRUE,FALSE,FALSE,0,0,0,2000,0.0165,FALSE,TRUE,TRUE
"A2M","GSE125449","liver_biliary",0.17924052421723,0.337556218444499,0.543165835714469,0.0661356772837233,0.539629980255674,TRUE,FALSE,FALSE,0.038,0,1,2000,0.208,FALSE,TRUE,TRUE
"HMOX1","GSE125449","liver_biliary",0.242633543804036,0.427759775304237,0.635596173752022,0.105876464811077,0.409406274208773,TRUE,FALSE,FALSE,0,0,0,2000,0.2255,FALSE,TRUE,TRUE
"IFNAR1","GSE125449","liver_biliary",0.352224740934631,0.55922651138545,0.747499677415571,0.231655283190512,0.517081611772608,TRUE,FALSE,TRUE,0.045,0,1,2000,0.7695,FALSE,TRUE,TRUE
"IRF1","GSE125449","liver_biliary",0.128380236856094,0.255772392264071,0.445032782670181,0.0645969613338731,0.267505460076354,TRUE,FALSE,FALSE,0,0,0,2000,0.007,FALSE,TRUE,TRUE
"MYD88","GSE125449","liver_biliary",0.388055849523586,0.596717407981831,0.775408008969832,0.290084417847958,0.503977247380184,TRUE,FALSE,TRUE,0.0305,0,1,2000,0.954,FALSE,TRUE,TRUE
"PIM1","GSE125449","liver_biliary",0.132663454250695,0.263023289137763,0.454373320857077,0.0883293082007302,0.202064623675616,TRUE,FALSE,FALSE,0,0,0,2000,0,FALSE,TRUE,TRUE
"STAT1","GSE125449","liver_biliary",0.442920639855653,0.649759165740634,0.812338699310795,0.336413159832509,0.559347908068431,TRUE,FALSE,TRUE,0.154,0,1,2000,0.9965,FALSE,TRUE,TRUE
"TYK2","GSE125449","liver_biliary",0.370863728926674,0.579028037817911,0.762436184450291,0.29285193230073,0.475476861601086,TRUE,FALSE,TRUE,0.0065,0,0,2000,0.9615,FALSE,TRUE,TRUE
"BCL2","GSE125449","liver_biliary",0.218496731477674,0.394806990729369,0.603518531395591,0.0886577696975687,0.366106117326634,TRUE,FALSE,FALSE,0,0,0,2000,0.1385,TRUE,FALSE,FALSE
"MMP9","GSE125449","liver_biliary",0.0870755528938867,0.182041175420182,0.341800411169281,0.00834811099345218,0.310536195073377,TRUE,FALSE,FALSE,0.0025,0,0,2000,0.0295,TRUE,FALSE,FALSE
"HGF","GSE125449","liver_biliary",0.104447339704931,0.21391937921739,0.388371602129606,0.00979939502555767,0.34102264746287,TRUE,FALSE,FALSE,0.004,0,0,2000,0.043,TRUE,FALSE,FALSE
"MYC","GSE178341","colorectal",0.882567804706458,0.946051768131007,0.976143903940897,0.850884909146337,0.906455850146564,TRUE,TRUE,TRUE,1,1,1,2000,1,TRUE,TRUE,TRUE
"IL6","GSE178341","colorectal",0.0118930898429095,0.027317359223435,0.0615004644805183,0.00725476179646314,0.0187529304853425,TRUE,FALSE,FALSE,0,0,0,2000,0,TRUE,TRUE,TRUE
"SOCS3","GSE178341","colorectal",0.108901512083503,0.221885330814976,0.39953204006135,0.0857921383647196,0.1365735382692,TRUE,FALSE,FALSE,0,0,0,2000,0,TRUE,TRUE,TRUE
"ACVR1B","GSE178341","colorectal",0.837106452337394,0.923023335601069,0.965492114144088,0.788484193711176,0.879582423137989,TRUE,TRUE,TRUE,1,1,1,2000,1,FALSE,TRUE,TRUE
"ACVRL1","GSE178341","colorectal",0.461545940219009,0.666673353911167,0.82353378506313,0.37925977563677,0.552597171312057,TRUE,FALSE,TRUE,0.207,0,1,2000,1,FALSE,TRUE,TRUE
"BAK1","GSE178341","colorectal",0.68698018292464,0.836626234936163,0.922773038098158,0.660137221592068,0.711372144149192,TRUE,TRUE,TRUE,1,1,1,2000,1,FALSE,TRUE,TRUE
"CBL","GSE178341","colorectal",0.385945087380124,0.594574430065918,0.773854707741501,0.345402515544047,0.42633735997191,TRUE,FALSE,TRUE,0,0,0,2000,1,FALSE,TRUE,TRUE
"CCL7","GSE178341","colorectal",0.00875369052137986,0.0201896328199581,0.0458742313961864,0.00406281676201002,0.0121228745620466,TRUE,FALSE,FALSE,0,0,0,2000,0,FALSE,TRUE,TRUE
"CCR1","GSE178341","colorectal",0.0162980301261226,0.0372199217529245,0.0827403642460931,0.0105480882124811,0.0228981716839713,TRUE,FALSE,FALSE,0,0,0,2000,0,FALSE,TRUE,TRUE
"CD14","GSE178341","colorectal",0.0168501689114627,0.0384531382928654,0.085348118669697,0.0129181236448776,0.0210657250723069,TRUE,FALSE,FALSE,0,0,0,2000,0,FALSE,TRUE,TRUE
"CD36","GSE178341","colorectal",0.0205192705637492,0.046603277631575,0.102379362658078,0.0153347435016642,0.0277602038103943,TRUE,FALSE,FALSE,0,0,0,2000,0,FALSE,TRUE,TRUE
"CD38","GSE178341","colorectal",0.0278819960317691,0.0627260860959729,0.135064756190181,0.0116541065180778,0.0665194958886465,TRUE,FALSE,FALSE,0,0,0,2000,0,FALSE,TRUE,TRUE
"CD44","GSE178341","colorectal",0.424427630553643,0.632434331537936,0.80058781451133,0.359642497493121,0.48973801327816,TRUE,FALSE,TRUE,0.0115,0,0,2000,1,FALSE,TRUE,TRUE
"CD9","GSE178341","colorectal",0.85651162018263,0.933012445405908,0.970148369322693,0.824977521531944,0.885707147961593,TRUE,TRUE,TRUE,1,1,1,2000,1,FALSE,TRUE,TRUE
"CNTFR","GSE178341","colorectal",0.924583861581751,0.96622318827302,0.985239327280779,0.832200814375346,0.966611907812832,TRUE,TRUE,TRUE,1,1,1,2000,1,FALSE,TRUE,TRUE
"CRLF2","GSE178341","colorectal",0.128434513452832,0.255864717403917,0.445152561482132,0.0694462915009521,0.191393647452201,TRUE,FALSE,FALSE,0,0,0,2000,0,FALSE,TRUE,TRUE
"CSF1","GSE178341","colorectal",0.124126460355959,0.248501006976122,0.435529618067388,0.0980682214683425,0.153676422549366,TRUE,FALSE,FALSE,0,0,0,2000,0,FALSE,TRUE,TRUE
"CSF2","GSE178341","colorectal",0.066418906466323,0.142369420153623,0.279196574470188,0.0441937817040876,0.101409110186732,TRUE,FALSE,FALSE,0,0,0,2000,0,FALSE,TRUE,TRUE
"CSF2RA","GSE178341","colorectal",0.0754074811166926,0.159876297432729,0.307496218218566,0.0362952571135224,0.114654820301919,TRUE,FALSE,FALSE,0,0,0,2000,0,FALSE,TRUE,TRUE
"CSF2RB","GSE178341","colorectal",0.013667899265897,0.031320975699401,0.070152612279335,0.0110070959309605,0.0163921831619207,TRUE,FALSE,FALSE,0,0,0,2000,0,FALSE,TRUE,TRUE
"CSF3R","GSE178341","colorectal",0.0570780685751432,0.123763268877874,0.247876888684539,0.0342391790376186,0.09000578630549,TRUE,FALSE,FALSE,0,0,0,2000,0,FALSE,TRUE,TRUE
"CXCL1","GSE178341","colorectal",0.613784640727645,0.787604647534586,0.896399562394353,0.522228363483878,0.705627213927199,TRUE,TRUE,TRUE,0.9935,1,1,2000,1,FALSE,TRUE,TRUE
"CXCL10","GSE178341","colorectal",0.122979263606495,0.246527861867262,0.432926940406182,0.0802783653962991,0.182256783592553,TRUE,FALSE,FALSE,0,0,0,2000,0,FALSE,TRUE,TRUE
"CXCL11","GSE178341","colorectal",0.718018514033979,0.855937706198696,0.932720478550362,0.511778214520912,0.849683992145105,TRUE,TRUE,TRUE,0.983,1,1,2000,1,FALSE,TRUE,TRUE
"CXCL13","GSE178341","colorectal",0.00904302629938969,0.0208490104982402,0.0473319260646616,0.0071738645127863,0.0118806070063549,TRUE,FALSE,FALSE,0,0,0,2000,0,FALSE,TRUE,TRUE
"CXCL3","GSE178341","colorectal",0.619221955801776,0.791426414148144,0.898515953824924,0.521549088194485,0.728049672551425,TRUE,TRUE,TRUE,0.9925,1,1,2000,1,FALSE,TRUE,TRUE
"CXCL9","GSE178341","colorectal",0.033294053659034,0.074384062576673,0.15790226354245,0.0220903520298457,0.0447893319996902,TRUE,FALSE,FALSE,0,0,0,2000,0,FALSE,TRUE,TRUE
"DNTT","GSE178341","colorectal",0.187438578207429,0.349908270779976,0.556718673849711,0.0678663497044257,0.418186117345702,TRUE,FALSE,FALSE,0.00748262960983431,0,0,1871,0.103687867450561,FALSE,TRUE,TRUE
"EBI3","GSE178341","colorectal",0.00821214190797344,0.0189541258239278,0.043136149580227,0.00632343913852824,0.0103709604770726,TRUE,FALSE,FALSE,0,0,0,2000,0,FALSE,TRUE,TRUE
"FAS","GSE178341","colorectal",0.470932975137203,0.675002414770142,0.828948929211667,0.422019945144487,0.516758367913992,TRUE,FALSE,TRUE,0.1125,0,1,2000,1,FALSE,TRUE,TRUE
"GRB2","GSE178341","colorectal",0.35515167416919,0.562380209271559,0.749908722542755,0.319391473995996,0.387850079611478,TRUE,FALSE,TRUE,0,0,0,2000,0.9985,FALSE,TRUE,TRUE
"HAX1","GSE178341","colorectal",0.619594882669942,0.791687424064143,0.898660111308404,0.571046323869015,0.664840109254114,TRUE,TRUE,TRUE,1,1,1,2000,1,FALSE,TRUE,TRUE
"IFNGR1","GSE178341","colorectal",0.408015769064204,0.616595745012492,0.78958430663195,0.358897837508881,0.460253013660183,TRUE,FALSE,TRUE,0,0,0,2000,1,FALSE,TRUE,TRUE
"IFNGR2","GSE178341","colorectal",0.540962552137174,0.733316752428511,0.865158648447034,0.493576343482495,0.592394528915497,TRUE,TRUE,TRUE,0.9515,0,1,2000,1,FALSE,TRUE,TRUE
"IL10RB","GSE178341","colorectal",0.514654290886297,0.712166965740359,0.85235969574417,0.469304997557937,0.559967214057043,TRUE,TRUE,TRUE,0.7465,0,1,2000,1,FALSE,TRUE,TRUE
"IL12RB1","GSE178341","colorectal",0.043634523426149,0.096216096631117,0.198977743125884,0.0337320795143905,0.0548881622554692,TRUE,FALSE,FALSE,0,0,0,2000,0,FALSE,TRUE,TRUE
"IL13RA1","GSE178341","colorectal",0.681049775541949,0.832841126540866,0.920794858692905,0.616319630553514,0.738888736543607,TRUE,TRUE,TRUE,1,1,1,2000,1,FALSE,TRUE,TRUE
"IL15RA","GSE178341","colorectal",0.562198612352311,0.749770318574603,0.874865998650105,0.521650498995449,0.603941708183324,TRUE,TRUE,TRUE,0.9985,1,1,2000,1,FALSE,TRUE,TRUE
"IL17RA","GSE178341","colorectal",0.387938829158039,0.596598809734686,0.775322174272086,0.337726635398011,0.440327265853558,TRUE,FALSE,TRUE,0,0,0,2000,1,FALSE,TRUE,TRUE
"IL17RB","GSE178341","colorectal",0.941101956180495,0.973878847042198,0.988635590748175,0.923145918463395,0.953096801095547,TRUE,TRUE,TRUE,1,1,1,2000,1,FALSE,TRUE,TRUE
"IL18R1","GSE178341","colorectal",0.120646869498585,0.242500178911936,0.427582102364077,0.0892456036498082,0.155415223791986,TRUE,FALSE,FALSE,0,0,0,2000,0,FALSE,TRUE,TRUE
"IL1B","GSE178341","colorectal",0.0277040481887948,0.0623400179583755,0.134297251169949,0.0190763628785864,0.0409596278986253,TRUE,FALSE,FALSE,0,0,0,2000,0,FALSE,TRUE,TRUE
"IL1R1","GSE178341","colorectal",0.0863571278009319,0.18069430943811,0.339762517413051,0.056889815750438,0.130583477878792,TRUE,FALSE,FALSE,0,0,0,2000,0,FALSE,TRUE,TRUE
"IL1R2","GSE178341","colorectal",0.430667178298074,0.638340402676424,0.804626662546318,0.312187467549661,0.545002450761297,TRUE,FALSE,TRUE,0.108,0,1,2000,0.9875,FALSE,TRUE,TRUE
"IL2RA","GSE178341","colorectal",0.0117984401917471,0.0271033245097752,0.0610354072568505,0.00892375343309237,0.0149357962225325,TRUE,FALSE,FALSE,0,0,0,2000,0,FALSE,TRUE,TRUE
"IL2RG","GSE178341","colorectal",0.320891362382406,0.524385482874669,0.720091846119155,0.241617360379416,0.393965720339523,TRUE,FALSE,TRUE,0,0,0,2000,0.6695,FALSE,TRUE,TRUE
"IL3RA","GSE178341","colorectal",0.0923871553653696,0.191927809985745,0.356581113663197,0.0581793062301122,0.127523273090454,TRUE,FALSE,FALSE,0,0,0,2000,0,FALSE,TRUE,TRUE
"IL4R","GSE178341","colorectal",0.484501723300141,0.686818009057655,0.836523142300527,0.425935652686974,0.544285933594665,TRUE,FALSE,TRUE,0.3045,0,1,2000,1,FALSE,TRUE,TRUE
"IL6ST","GSE178341","colorectal",0.293691268885361,0.492444208236292,0.693614537136315,0.255976674543961,0.341423223812999,TRUE,FALSE,FALSE,0,0,0,2000,0.426,FALSE,TRUE,TRUE
"IL7","GSE178341","colorectal",0.785407483503624,0.89517806243524,0.952214015632326,0.73335864739843,0.823849813287408,TRUE,TRUE,TRUE,1,1,1,2000,1,FALSE,TRUE,TRUE
"IL9R","GSE178341","colorectal",0.103161861824257,0.211604932511197,0.385094355670106,0.0730751398722419,0.139449375646171,TRUE,FALSE,FALSE,0,0,0,2000,0,FALSE,TRUE,TRUE
"INHBE","GSE178341","colorectal",0.704614068049832,0.847698813156923,0.92850599299964,0.581329177812323,0.806946494305856,TRUE,TRUE,TRUE,1,1,1,2000,1,FALSE,TRUE,TRUE
"IRF9","GSE178341","colorectal",0.403462014176437,0.612121176190519,0.786429340544646,0.347549455309878,0.449503352019879,TRUE,FALSE,TRUE,0,0,0,2000,1,FALSE,TRUE,TRUE
"ITGA4","GSE178341","colorectal",0.00973127520623363,0.0224154673720468,0.0507849331843941,0.00774579564016844,0.0116772733177196,TRUE,FALSE,FALSE,0,0,0,2000,0,FALSE,TRUE,TRUE
"ITGB3","GSE178341","colorectal",0.0331313903644389,0.0740360223726779,0.157229824467055,0.0204796852511024,0.0586374820265536,TRUE,FALSE,FALSE,0,0,0,2000,0,FALSE,TRUE,TRUE
"JUN","GSE178341","colorectal",0.566738967209247,0.753219291989384,0.876873898576024,0.520096852311383,0.608004906820227,TRUE,TRUE,TRUE,0.9965,1,1,2000,1,FALSE,TRUE,TRUE
"LEPR","GSE178341","colorectal",0.416200025424705,0.624549844464275,0.795141938442006,0.348950446753947,0.498359349124962,TRUE,FALSE,TRUE,0.0225,0,0,2000,0.9995,FALSE,TRUE,TRUE
"LTB","GSE178341","colorectal",0.0243670219956165,0.0550672837053879,0.119701481397789,0.0168938256488222,0.0335547382776639,TRUE,FALSE,FALSE,0,0,0,2000,0,FALSE,TRUE,TRUE
"LTBR","GSE178341","colorectal",0.833062594855596,0.920910863370046,0.964500289169926,0.801246452465311,0.862887861061852,TRUE,TRUE,TRUE,1,1,1,2000,1,FALSE,TRUE,TRUE
"MAP3K8","GSE178341","colorectal",0.325520829662921,0.529661012784522,0.724337745006374,0.279912266923707,0.370548411785539,TRUE,FALSE,TRUE,0,0,0,2000,0.8695,FALSE,TRUE,TRUE
"OSMR","GSE178341","colorectal",0.343729258639559,0.549977243332998,0.740366941628228,0.0755715265668794,0.529658266479148,TRUE,FALSE,TRUE,0.049,0,1,2000,0.5975,FALSE,TRUE,TRUE
"PDGFC","GSE178341","colorectal",0.112130776315556,0.227609156224345,0.407438924703766,0.0644552195342756,0.18097204754065,TRUE,FALSE,FALSE,0,0,0,2000,0,FALSE,TRUE,TRUE
"PF4","GSE178341","colorectal",0.963002950377634,0.98380166992085,0.99299300042783,0.945724501743332,0.974556202749469,TRUE,TRUE,TRUE,1,1,1,2000,1,FALSE,TRUE,TRUE
"PIK3R5","GSE178341","colorectal",0.0192402954354672,0.0437711300511197,0.0965007099521576,0.0147146637420034,0.0234793930383257,TRUE,FALSE,FALSE,0,0,0,2000,0,FALSE,TRUE,TRUE
"PLA2G2A","GSE178341","colorectal",0.935391397818154,0.971249140289244,0.987472386025742,0.847171029618765,0.991373193839707,TRUE,TRUE,TRUE,1,1,1,2000,1,FALSE,TRUE,TRUE
"PTPN1","GSE178341","colorectal",0.430386349480029,0.638075924820574,0.804446535286132,0.3853242568751,0.483662439138852,TRUE,FALSE,TRUE,0.005,0,0,2000,1,FALSE,TRUE,TRUE
"PTPN11","GSE178341","colorectal",0.7260937525623,0.860828836094133,0.935202070765946,0.692698976813174,0.762891062174912,TRUE,TRUE,TRUE,1,1,1,2000,1,FALSE,TRUE,TRUE
"PTPN2","GSE178341","colorectal",0.460443130506462,0.665686357399677,0.822887865917709,0.429292952153678,0.490225871974093,TRUE,FALSE,TRUE,0.0045,0,0,2000,1,FALSE,TRUE,TRUE
"REG1A","GSE178341","colorectal",0.994622007700941,0.997688041188011,0.999007849760296,0.989624037743778,0.995756451058244,TRUE,TRUE,TRUE,1,1,1,2000,1,FALSE,TRUE,TRUE
"SOCS1","GSE178341","colorectal",0.202483563974625,0.372023466186586,0.580238368845542,0.162771628873295,0.245983841493894,TRUE,FALSE,FALSE,0,0,0,2000,0,FALSE,TRUE,TRUE
"STAM2","GSE178341","colorectal",0.633126613924748,0.8010630141982,0.903806139411765,0.588865976379513,0.67429104335542,TRUE,TRUE,TRUE,1,1,1,2000,1,FALSE,TRUE,TRUE
"STAT2","GSE178341","colorectal",0.43643284115081,0.64374269282119,0.80829102691598,0.399430276911727,0.475880183512892,TRUE,FALSE,TRUE,5e-04,0,0,2000,1,FALSE,TRUE,TRUE
"STAT3","GSE178341","colorectal",0.517250698797787,0.71429333103139,0.853663199042553,0.475567204402503,0.556659142369111,TRUE,TRUE,TRUE,0.791,0,1,2000,1,FALSE,TRUE,TRUE
"TGFB1","GSE178341","colorectal",0.091529533684265,0.190339943562291,0.354228174092174,0.05524168257773,0.131887532040294,TRUE,FALSE,FALSE,0,0,0,2000,0,FALSE,TRUE,TRUE
"TLR2","GSE178341","colorectal",0.0372121039426579,0.0827238066761165,0.173847151387507,0.0274755671745924,0.0492227039099806,TRUE,FALSE,FALSE,0,0,0,2000,0,FALSE,TRUE,TRUE
"TNF","GSE178341","colorectal",0.108037229671619,0.22034609383755,0.397389824789946,0.0735545518061339,0.149015670686361,TRUE,FALSE,FALSE,0,0,0,2000,0,FALSE,TRUE,TRUE
"TNFRSF12A","GSE178341","colorectal",0.881411688392652,0.945482042124425,0.97588386819158,0.85466801768237,0.907282572646937,TRUE,TRUE,TRUE,1,1,1,2000,1,FALSE,TRUE,TRUE
"TNFRSF1A","GSE178341","colorectal",0.550861850010072,0.74105350811092,0.869749899745139,0.497424711068762,0.608279877897784,TRUE,TRUE,TRUE,0.9705,0,1,2000,1,FALSE,TRUE,TRUE
"TNFRSF1B","GSE178341","colorectal",0.136530541729527,0.269509550748865,0.462616278056519,0.116768935518168,0.158156774212533,TRUE,FALSE,FALSE,0,0,0,2000,0,FALSE,TRUE,TRUE
"TNFRSF21","GSE178341","colorectal",0.760850926832741,0.881284247380085,0.945419190672666,0.71170604618338,0.806227231943696,TRUE,TRUE,TRUE,1,1,1,2000,1,FALSE,TRUE,TRUE
"ABCA1","GSE178341","colorectal",0.0975987703681253,0.201507899864035,0.370610506557487,0.0708829716809547,0.138267131697583,TRUE,FALSE,FALSE,0,0,0,2000,0,FALSE,TRUE,TRUE
"AKAP12","GSE178341","colorectal",0.305785208129905,0.50684941416748,0.705722153183019,0.174146554827594,0.462833490459687,TRUE,FALSE,TRUE,0.0045,0,0,2000,0.5415,FALSE,TRUE,TRUE
"BCL2L1","GSE178341","colorectal",0.762398464479053,0.88217314694108,0.945857374286663,0.732258283195493,0.791098356648461,TRUE,TRUE,TRUE,1,1,1,2000,1,FALSE,TRUE,TRUE
"BCL6","GSE178341","colorectal",0.281821417945131,0.477977557769794,0.681169391740585,0.225229273355833,0.351520163832017,TRUE,FALSE,FALSE,0,0,0,2000,0.312,FALSE,TRUE,TRUE
"CCND1","GSE178341","colorectal",0.892204959584735,0.950769677171178,0.978290568901118,0.87045251582424,0.911999832321011,TRUE,TRUE,TRUE,1,1,1,2000,1,FALSE,TRUE,TRUE
"CCND3","GSE178341","colorectal",0.394407756880352,0.603118574119188,0.780018488324742,0.349719232377126,0.43868208227976,TRUE,FALSE,TRUE,0,0,0,2000,1,FALSE,TRUE,TRUE
"CDK4","GSE178341","colorectal",0.7930933296511,0.899435763359328,0.954273346585566,0.765526176623959,0.817792680328354,TRUE,TRUE,TRUE,1,1,1,2000,1,FALSE,TRUE,TRUE
"CDKN1A","GSE178341","colorectal",0.600443546863895,0.778097099617389,0.891088612543909,0.540749877525653,0.65464152075458,TRUE,TRUE,TRUE,0.9995,1,1,2000,1,FALSE,TRUE,TRUE
"CDKN1B","GSE178341","colorectal",0.558380515882264,0.746851463264906,0.873159490296253,0.515690229544535,0.607947285280183,TRUE,TRUE,TRUE,0.998,1,1,2000,1,FALSE,TRUE,TRUE
"CFLAR","GSE178341","colorectal",0.34578550653358,0.552229093034843,0.742112826368192,0.313872026700033,0.379602065187414,TRUE,FALSE,TRUE,0,0,0,2000,0.998,FALSE,TRUE,TRUE
"CISH","GSE178341","colorectal",0.488047237954253,0.689862745327252,0.83845478205515,0.423146944425925,0.546262882168259,TRUE,FALSE,TRUE,0.3355,0,1,2000,1,FALSE,TRUE,TRUE
"COPS5","GSE178341","colorectal",0.740292233884277,0.8693002485297,0.939464707862714,0.71413749263097,0.767100617424463,TRUE,TRUE,TRUE,1,1,1,2000,1,FALSE,TRUE,TRUE
"CXCL8","GSE178341","colorectal",0.0937435427886982,0.194432539700403,0.360276600151497,0.0589094677990361,0.152242711980899,TRUE,FALSE,FALSE,0,0,0,2000,0,FALSE,TRUE,TRUE
"DDIT3","GSE178341","colorectal",0.722124697471197,0.85843150566348,0.933987633058336,0.675408649677519,0.756711318794368,TRUE,TRUE,TRUE,1,1,1,2000,1,FALSE,TRUE,TRUE
"DNMT1","GSE178341","colorectal",0.577233728026027,0.761101080175185,0.881428057845185,0.535395685392712,0.617257533146334,TRUE,TRUE,TRUE,0.9995,1,1,2000,1,FALSE,TRUE,TRUE
"EPAS1","GSE178341","colorectal",0.350558886513195,0.557424104167402,0.746117636338187,0.29014364148753,0.43284846617386,TRUE,FALSE,TRUE,0,0,0,2000,0.933,FALSE,TRUE,TRUE
"ESR2","GSE178341","colorectal",0.0993710828167647,0.204739010365925,0.375278756026785,0.0714423779780233,0.150405481134453,TRUE,FALSE,FALSE,0,0,0,2000,0,FALSE,TRUE,TRUE
"ETV6","GSE178341","colorectal",0.585087865485137,0.76691863589587,0.884759130159373,0.535527062426709,0.630047557759926,TRUE,TRUE,TRUE,1,1,1,2000,1,FALSE,TRUE,TRUE
"FGG","GSE178341","colorectal",0.996847773578603,0.998646607991946,0.999419525934285,0.995584996255016,1,TRUE,TRUE,TRUE,1,1,1,1962,1,FALSE,TRUE,TRUE
"FGL1","GSE178341","colorectal",0.962955321007392,0.98378036548664,0.99298369843887,0.681345220029571,0.987048320856584,TRUE,TRUE,TRUE,1,1,1,2000,1,FALSE,TRUE,TRUE
"FOS","GSE178341","colorectal",0.455231025374916,0.660997167873507,0.819806779287836,0.423456283078928,0.487489728025809,TRUE,FALSE,TRUE,0.003,0,0,2000,1,FALSE,TRUE,TRUE
"GFAP","GSE178341","colorectal",0.841225949334785,0.925164281006922,0.966494755242112,0.655514079495351,0.92187055354497,TRUE,TRUE,TRUE,1,1,1,2000,1,FALSE,TRUE,TRUE
"GREB1","GSE178341","colorectal",0.368020657084819,0.57605031339736,0.760218551483649,0.260110994622362,0.461958650213891,TRUE,FALSE,TRUE,0.0025,0,0,2000,0.8995,FALSE,TRUE,TRUE
"HSPA4","GSE178341","colorectal",0.670430408823432,0.825984298951212,0.917187134495284,0.640283104127251,0.69768387122163,TRUE,TRUE,TRUE,1,1,1,2000,1,FALSE,TRUE,TRUE
"HSPB1","GSE178341","colorectal",0.724223767443182,0.85970096332368,0.934631164480405,0.669217980592297,0.771941784967307,TRUE,TRUE,TRUE,1,1,1,2000,1,FALSE,TRUE,TRUE
"ICAM1","GSE178341","colorectal",0.138024847764529,0.272000816414062,0.465754450563724,0.112329585986253,0.168881793869754,TRUE,FALSE,FALSE,0,0,0,2000,0,FALSE,TRUE,TRUE
"IKBKE","GSE178341","colorectal",0.578799851299399,0.762266596269904,0.882097473264728,0.533861118585692,0.616611482366225,TRUE,TRUE,TRUE,0.9995,1,1,2000,1,FALSE,TRUE,TRUE
"JAK2","GSE178341","colorectal",0.409661953710377,0.61820465584767,0.790713686808176,0.367697135001131,0.456780945750826,TRUE,FALSE,TRUE,0,0,0,2000,1,FALSE,TRUE,TRUE
"JUNB","GSE178341","colorectal",0.430750009212165,0.638418386821998,0.804679761909355,0.387734399097645,0.473231457585133,TRUE,FALSE,TRUE,5e-04,0,0,2000,1,FALSE,TRUE,TRUE
"KRT17","GSE178341","colorectal",0.981567746155877,0.992016373362358,0.99656276481106,0.973561599624055,0.986328488573328,TRUE,TRUE,TRUE,1,1,1,2000,1,FALSE,TRUE,TRUE
"LEP","GSE178341","colorectal",0.176812050741415,0.333855271465181,0.539044963331929,0.0953702724085271,0.310414500684432,TRUE,FALSE,FALSE,0,0,0,2000,0.031,FALSE,TRUE,TRUE
"LGALS3BP","GSE178341","colorectal",0.883982794489342,0.946747967955081,0.976461428103654,0.851505609473791,0.910965224865947,TRUE,TRUE,TRUE,1,1,1,2000,1,FALSE,TRUE,TRUE
"LTBP1","GSE178341","colorectal",0.501826028146093,0.701531626208665,0.845782705452866,0.394839460850364,0.618798514364352,TRUE,TRUE,TRUE,0.5565,0,1,2000,1,FALSE,TRUE,TRUE
"MCL1","GSE178341","colorectal",0.4348838589494,0.642296498018166,0.807312862692502,0.399470930400885,0.472034692708267,TRUE,FALSE,TRUE,0,0,0,2000,1,FALSE,TRUE,TRUE
"MDC1","GSE178341","colorectal",0.672723615947178,0.827473667205416,0.91797343290987,0.640788414023839,0.705465752610636,TRUE,TRUE,TRUE,1,1,1,2000,1,FALSE,TRUE,TRUE
"MMP1","GSE178341","colorectal",0.0722415714954348,0.15375378051864,0.297723917407249,0.0432525215415479,0.124692826750847,TRUE,FALSE,FALSE,0,0,0,2000,0,FALSE,TRUE,TRUE
"MMP7","GSE178341","colorectal",0.765787547109256,0.884113482787838,0.946812208072084,0.619594558372442,0.87484376572433,TRUE,TRUE,TRUE,0.9985,1,1,2000,1,FALSE,TRUE,TRUE
"MUC1","GSE178341","colorectal",0.981863674795664,0.992145892253987,0.996618778693736,0.974080955481658,0.987578574244651,TRUE,TRUE,TRUE,1,1,1,2000,1,FALSE,TRUE,TRUE
"NME1","GSE178341","colorectal",0.800993790455913,0.903768372203352,0.956358023251269,0.773991153939579,0.827251884569335,TRUE,TRUE,TRUE,1,1,1,2000,1,FALSE,TRUE,TRUE
"OAS1","GSE178341","colorectal",0.756181208328776,0.878590907427188,0.944088586633792,0.719424241301507,0.790405689307003,TRUE,TRUE,TRUE,1,1,1,2000,1,FALSE,TRUE,TRUE
"OPRM1","GSE178341","colorectal",0.0170919558775022,0.038992616930017,0.0864863348063272,0.0114483561462438,0.0234362743302603,TRUE,FALSE,FALSE,0,0,0,2000,0,FALSE,TRUE,TRUE
"PAX3","GSE178341","colorectal",0.97255781876156,0.988051700961987,0.994844097978472,0.966985327599797,1,TRUE,TRUE,TRUE,1,1,1,1270,1,FALSE,TRUE,TRUE
"PHB","GSE178341","colorectal",0.849175084280957,0.929264351413939,0.968407751647395,0.831145615012673,0.866764445830293,TRUE,TRUE,TRUE,1,1,1,2000,1,FALSE,TRUE,TRUE
"POU2F1","GSE178341","colorectal",0.691879426799949,0.839729712759054,0.924387954464227,0.652136401835793,0.729976737302715,TRUE,TRUE,TRUE,1,1,1,2000,1,FALSE,TRUE,TRUE
"PPARA","GSE178341","colorectal",0.819838931535292,0.913926964968066,0.961203359502507,0.797477864704971,0.845116903998238,TRUE,TRUE,TRUE,1,1,1,2000,1,FALSE,TRUE,TRUE
"PRDM1","GSE178341","colorectal",0.0645523213326425,0.138685458715907,0.273099498109851,0.0487760158851386,0.0875818855402979,TRUE,FALSE,FALSE,0,0,0,2000,0,FALSE,TRUE,TRUE
"PROS1","GSE178341","colorectal",0.593763455915703,0.773265594683402,0.888364311134598,0.513178455271873,0.67503287149625,TRUE,TRUE,TRUE,0.9895,1,1,2000,1,FALSE,TRUE,TRUE
"PSMB5","GSE178341","colorectal",0.762086713320137,0.881994224644629,0.945769212794978,0.731904831366177,0.790422532414275,TRUE,TRUE,TRUE,1,1,1,2000,1,FALSE,TRUE,TRUE
"PTGS2","GSE178341","colorectal",0.174521637911714,0.330346910035939,0.535112459889076,0.0753039824636998,0.311257677815119,TRUE,FALSE,FALSE,0,0,0,2000,0.0355,FALSE,TRUE,TRUE
"PTPN6","GSE178341","colorectal",0.211076374928419,0.384343706453346,0.592943287353636,0.180009199857932,0.242165222401032,TRUE,FALSE,FALSE,0,0,0,2000,0,FALSE,TRUE,TRUE
"ROR1","GSE178341","colorectal",0.572770166854697,0.757764135533172,0.879505756856409,0.41284166250875,0.740221892263047,TRUE,TRUE,TRUE,0.806,0,1,2000,1,FALSE,TRUE,TRUE
"S100A11","GSE178341","colorectal",0.65450111468298,0.815504479648452,0.911612108389026,0.604877492415189,0.699266183900909,TRUE,TRUE,TRUE,1,1,1,2000,1,FALSE,TRUE,TRUE
"S1PR1","GSE178341","colorectal",0.0100956276413271,0.0232435863723442,0.0526047378452038,0.0074655571826351,0.0127333249368174,TRUE,FALSE,FALSE,0,0,0,2000,0,FALSE,TRUE,TRUE
"SALL4","GSE178341","colorectal",0.849873286840166,0.929622529611544,0.968574425586236,0.786716568585224,0.89421372421262,TRUE,TRUE,TRUE,1,1,1,2000,1,FALSE,TRUE,TRUE
"SHH","GSE178341","colorectal",0.985742738036783,0.993839555691008,0.997350482607953,0.981409033748445,0.989830390317091,TRUE,TRUE,TRUE,1,1,1,2000,1,FALSE,TRUE,TRUE
"STK11","GSE178341","colorectal",0.725836779067749,0.86067401313235,0.935123749871942,0.697700322542196,0.757405905129068,TRUE,TRUE,TRUE,1,1,1,2000,1,FALSE,TRUE,TRUE
"TIMP1","GSE178341","colorectal",0.372547174641645,0.5807841045353,0.76373934695567,0.300789448140069,0.456416606026348,TRUE,FALSE,TRUE,0.0025,0,0,2000,0.977,FALSE,TRUE,TRUE
"TNFRSF10B","GSE178341","colorectal",0.76277960707361,0.882391794638903,0.945965083682417,0.71835248302993,0.80723853434314,TRUE,TRUE,TRUE,1,1,1,2000,1,FALSE,TRUE,TRUE
"TP53","GSE178341","colorectal",0.724731612952387,0.860007550884193,0.934786432039282,0.673357012505498,0.765010876005417,TRUE,TRUE,TRUE,1,1,1,2000,1,FALSE,TRUE,TRUE
"TP63","GSE178341","colorectal",0.312224062027999,0.5143849853164,0.711945914225199,0.19399231230687,0.476595182886194,TRUE,FALSE,TRUE,0.0135,0,0,2000,0.577,FALSE,TRUE,TRUE
"VDR","GSE178341","colorectal",0.7720950698459,0.887701694196487,0.948571995955614,0.73162277162867,0.802755705855313,TRUE,TRUE,TRUE,1,1,1,2000,1,FALSE,TRUE,TRUE
"VEGFA","GSE178341","colorectal",0.700794330008716,0.845323180652274,0.927282687346546,0.611280152411081,0.783350568075152,TRUE,TRUE,TRUE,1,1,1,2000,1,FALSE,TRUE,TRUE
"VEGFB","GSE178341","colorectal",0.47769374175435,0.680922301416586,0.83275942117846,0.423030435095473,0.534985139997184,TRUE,FALSE,TRUE,0.219,0,1,2000,1,FALSE,TRUE,TRUE
"ZFP36","GSE178341","colorectal",0.383887048270123,0.592477297891027,0.772329835996571,0.329172703503424,0.445380552447726,TRUE,FALSE,TRUE,0,0,0,2000,0.9995,FALSE,TRUE,TRUE
"A2M","GSE178341","colorectal",0.0122236628059841,0.0280644789112472,0.0631218098574641,0.00853325283130816,0.0150580244127796,TRUE,FALSE,FALSE,0,0,0,2000,0,FALSE,TRUE,TRUE
"HMOX1","GSE178341","colorectal",0.0820956400040825,0.172657280125202,0.32747830286247,0.0588034689150412,0.11845395895284,TRUE,FALSE,FALSE,0,0,0,2000,0,FALSE,TRUE,TRUE
"IFNAR1","GSE178341","colorectal",0.489426026986937,0.691042086076967,0.839200785541874,0.459268546472345,0.518508534354894,TRUE,FALSE,TRUE,0.249,0,1,2000,1,FALSE,TRUE,TRUE
"IRF1","GSE178341","colorectal",0.468356077916087,0.672728729481992,0.827476982925709,0.428508455572642,0.511804458868592,TRUE,FALSE,TRUE,0.0875,0,1,2000,1,FALSE,TRUE,TRUE
"MYD88","GSE178341","colorectal",0.553311188990204,0.742949641584129,0.870867868920655,0.510200784781358,0.595230483360787,TRUE,TRUE,TRUE,0.994,1,1,2000,1,FALSE,TRUE,TRUE
"PIM1","GSE178341","colorectal",0.324618795366751,0.528636661057037,0.723516058177959,0.279361492681486,0.366711771875378,TRUE,FALSE,TRUE,0,0,0,2000,0.8705,FALSE,TRUE,TRUE
"STAT1","GSE178341","colorectal",0.470628579599954,0.67473433611545,0.828775623827147,0.430628341243198,0.502510336295119,TRUE,FALSE,TRUE,0.0395,0,1,2000,1,FALSE,TRUE,TRUE
"TYK2","GSE178341","colorectal",0.531093705623673,0.72548477973277,0.860461850892348,0.503127588936203,0.560136490812534,TRUE,TRUE,TRUE,0.9895,1,1,2000,1,FALSE,TRUE,TRUE
"BCL2","GSE178341","colorectal",0.183849578082199,0.344527394127631,0.550852306628562,0.146962660170673,0.221325166088952,TRUE,FALSE,FALSE,0,0,0,2000,0,TRUE,FALSE,FALSE
"MMP9","GSE178341","colorectal",0.0142462077572601,0.0326215077316074,0.0729441217323286,0.00900675026259574,0.0216107267143959,TRUE,FALSE,FALSE,0,0,0,2000,0,TRUE,FALSE,FALSE
"HGF","GSE178341","colorectal",0.0106901275320014,0.0245930931714575,0.0555619633449586,0.00745936761325582,0.0132390240005327,TRUE,FALSE,FALSE,0,0,0,2000,0,TRUE,FALSE,FALSE
"MYC","Peng","pancreatic",0.184746311911664,0.345875711650806,0.552327685479154,0.15270584232941,0.222803711413248,TRUE,FALSE,FALSE,0,0,0,2000,0,TRUE,TRUE,TRUE
"IL6","Peng","pancreatic",0.038118829445266,0.0846419969132945,0.177469496078632,0.0270221968536291,0.0619001062038114,TRUE,FALSE,FALSE,0,0,0,2000,0,TRUE,TRUE,TRUE
"SOCS3","Peng","pancreatic",0.129498598428227,0.257672437061753,0.447493399911695,0.0963641993737487,0.181180449713131,TRUE,FALSE,FALSE,0,0,0,2000,0,TRUE,TRUE,TRUE
"ACVR1B","Peng","pancreatic",0.645368623498583,0.809388338037019,0.908323832502047,0.571673835426608,0.711887273891532,TRUE,TRUE,TRUE,1,1,1,2000,1,FALSE,TRUE,TRUE
"ACVRL1","Peng","pancreatic",0.0641294721544841,0.137848561081267,0.271707352432299,0.0461393656493968,0.0895321431696533,TRUE,FALSE,FALSE,0,0,0,2000,0,FALSE,TRUE,TRUE
"BAK1","Peng","pancreatic",0.541147093809561,0.733462065404619,0.865245323349733,0.485449983346965,0.591538346452006,TRUE,TRUE,TRUE,0.931,0,1,2000,1,FALSE,TRUE,TRUE
"CBL","Peng","pancreatic",0.292688109132067,0.491234326444439,0.692584835081298,0.259831954066185,0.330987564774547,TRUE,FALSE,FALSE,0,0,0,2000,0.3425,FALSE,TRUE,TRUE
"CCL7","Peng","pancreatic",0.0623753252494208,0.134367472513979,0.265888427839872,0.0313632945271802,0.0827315765142191,TRUE,FALSE,FALSE,0,0,0,2000,0,FALSE,TRUE,TRUE
"CCR1","Peng","pancreatic",0.0737297296379242,0.156637574466424,0.302343254941275,0.0490555092344959,0.102315075595029,TRUE,FALSE,FALSE,0,0,0,2000,0,FALSE,TRUE,TRUE
"CD14","Peng","pancreatic",0.0766607050911751,0.162286937171835,0.31130791035016,0.0560095389061323,0.108879499411462,TRUE,FALSE,FALSE,0,0,0,2000,0,FALSE,TRUE,TRUE
"CD36","Peng","pancreatic",0.0435943820460238,0.0961324453732301,0.19882440429163,0.0309449635529886,0.0596841994130798,TRUE,FALSE,FALSE,0,0,0,2000,0,FALSE,TRUE,TRUE
"CD38","Peng","pancreatic",0.054761252206561,0.119081517777752,0.239784935990732,0.0326383192526189,0.088905800722811,TRUE,FALSE,FALSE,0,0,0,2000,0,FALSE,TRUE,TRUE
"CD44","Peng","pancreatic",0.488269439378175,0.690052981797643,0.838575200641866,0.443214386357793,0.537534649501842,TRUE,FALSE,TRUE,0.331,0,1,2000,1,FALSE,TRUE,TRUE
"CD9","Peng","pancreatic",0.45869393240544,0.664117160009255,0.821859081328587,0.393407990018943,0.524759537039713,TRUE,FALSE,TRUE,0.117,0,1,2000,1,FALSE,TRUE,TRUE
"CNTFR","Peng","pancreatic",0.57728301937351,0.761137804942677,0.881449166510802,0.0616565188795461,0.762983786701284,TRUE,TRUE,TRUE,0.6055,0,1,2000,0.789,FALSE,TRUE,TRUE
"CRLF2","Peng","pancreatic",NA,NA,NA,NA,NA,FALSE,NA,NA,NA,NA,NA,0,NA,FALSE,TRUE,TRUE
"CSF1","Peng","pancreatic",0.365475194642339,0.573371414887595,0.7582149385768,0.284524643271916,0.455221969409555,TRUE,FALSE,TRUE,5e-04,0,0,2000,0.9305,FALSE,TRUE,TRUE
"CSF2","Peng","pancreatic",0.828069644806392,0.918287658076697,0.96326517423672,0.734494579343259,0.902210463804293,TRUE,TRUE,TRUE,1,1,1,2000,1,FALSE,TRUE,TRUE
"CSF2RA","Peng","pancreatic",0.147086951839721,0.286931122107661,0.484245725663804,0.0754703999290811,0.223692476060074,TRUE,FALSE,FALSE,0,0,0,2000,0,FALSE,TRUE,TRUE
"CSF2RB","Peng","pancreatic",0.0643285429099252,0.138242667621711,0.272363259677395,0.0452331684663979,0.0929424484466739,TRUE,FALSE,FALSE,0,0,0,2000,0,FALSE,TRUE,TRUE
"CSF3R","Peng","pancreatic",0.103075714802249,0.211449579180379,0.384873810939845,0.0835058440102827,0.130483515422381,TRUE,FALSE,FALSE,0,0,0,2000,0,FALSE,TRUE,TRUE
"CXCL1","Peng","pancreatic",0.765125935843171,0.88373537542304,0.946626320428337,0.649890221096462,0.854601236227068,TRUE,TRUE,TRUE,1,1,1,2000,1,FALSE,TRUE,TRUE
"CXCL10","Peng","pancreatic",0.31277205335958,0.515022098717225,0.712468717873846,0.102365739277382,0.546570795092636,TRUE,FALSE,TRUE,0.054,0,1,2000,0.54,FALSE,TRUE,TRUE
"CXCL11","Peng","pancreatic",0.65854394879928,0.818186689439938,0.91304607809881,0.425645593811784,0.804982634237101,TRUE,TRUE,TRUE,0.939,0,1,2000,1,FALSE,TRUE,TRUE
"CXCL13","Peng","pancreatic",0.0934122069018986,0.193821432439069,0.359376779452683,0.0608923301490514,0.149502724058796,TRUE,FALSE,FALSE,0,0,0,2000,0,FALSE,TRUE,TRUE
"CXCL3","Peng","pancreatic",0.548775524429208,0.73943275776865,0.868792041363262,0.380308429605196,0.724169012813237,TRUE,TRUE,TRUE,0.6965,0,1,2000,0.999,FALSE,TRUE,TRUE
"CXCL9","Peng","pancreatic",0.156776680849268,0.302565336405939,0.503046528701366,0.0735170574981555,0.242735511278005,TRUE,FALSE,FALSE,0,0,0,2000,5e-04,FALSE,TRUE,TRUE
"DNTT","Peng","pancreatic",NA,NA,NA,NA,NA,FALSE,NA,NA,NA,NA,NA,0,NA,FALSE,TRUE,TRUE
"EBI3","Peng","pancreatic",0.128926544437851,0.256701147774009,0.446236710465498,0.0705851014522081,0.222318677224894,TRUE,FALSE,FALSE,0,0,0,2000,0.001,FALSE,TRUE,TRUE
"FAS","Peng","pancreatic",0.296228465918594,0.495493892820419,0.696201175641379,0.24196265677213,0.353617091393242,TRUE,FALSE,FALSE,0,0,0,2000,0.4475,FALSE,TRUE,TRUE
"GRB2","Peng","pancreatic",0.292710327562287,0.491261148656268,0.692607684594936,0.252309226198212,0.342974807481666,TRUE,FALSE,FALSE,0,0,0,2000,0.402,FALSE,TRUE,TRUE
"HAX1","Peng","pancreatic",0.466960842746772,0.671493647209233,0.826675437433868,0.432213490872574,0.501709039576307,TRUE,FALSE,TRUE,0.035,0,1,2000,1,FALSE,TRUE,TRUE
"IFNGR1","Peng","pancreatic",0.264098724506082,0.455747312088126,0.6614634659836,0.225654413430593,0.308719723390704,TRUE,FALSE,FALSE,0,0,0,2000,0.046,FALSE,TRUE,TRUE
"IFNGR2","Peng","pancreatic",0.486104435880852,0.688196513254393,0.837398705320154,0.444704171761478,0.528316930439302,TRUE,FALSE,TRUE,0.2385,0,1,2000,1,FALSE,TRUE,TRUE
"IL10RB","Peng","pancreatic",0.435838732979059,0.643188455142848,0.807916396626022,0.386441208489394,0.490061370347814,TRUE,FALSE,TRUE,0.0095,0,0,2000,1,FALSE,TRUE,TRUE
"IL12RB1","Peng","pancreatic",0.116513596377195,0.23530939908222,0.417931107505373,0.0804024374251475,0.17092699485086,TRUE,FALSE,FALSE,0,0,0,2000,0,FALSE,TRUE,TRUE
"IL13RA1","Peng","pancreatic",0.472802086564901,0.67664559995389,0.830009779553927,0.404919825546265,0.534277179367708,TRUE,FALSE,TRUE,0.187,0,1,2000,1,FALSE,TRUE,TRUE
"IL15RA","Peng","pancreatic",0.479228281277897,0.682256912739158,0.833614127936116,0.42508951041022,0.536275504263949,TRUE,FALSE,TRUE,0.22,0,1,2000,1,FALSE,TRUE,TRUE
"IL17RA","Peng","pancreatic",0.29924516938645,0.499100745665106,0.699244082549053,0.264878233054793,0.340095884289217,TRUE,FALSE,FALSE,0,0,0,2000,0.477,FALSE,TRUE,TRUE
"IL17RB","Peng","pancreatic",0.793739685584231,0.899791890267249,0.954445113506172,0.754214679435332,0.825164477260443,TRUE,TRUE,TRUE,1,1,1,2000,1,FALSE,TRUE,TRUE
"IL18R1","Peng","pancreatic",0.259513479044184,0.449868771199879,0.65613037733494,0.206489067402191,0.31260259453348,TRUE,FALSE,FALSE,0,0,0,2000,0.0645,FALSE,TRUE,TRUE
"IL1B","Peng","pancreatic",0.126010947218456,0.251731052371547,0.439768080072267,0.0812665473129287,0.193046646581993,TRUE,FALSE,FALSE,0,0,0,2000,0,FALSE,TRUE,TRUE
"IL1R1","Peng","pancreatic",0.213672206640674,0.388022357648637,0.596683466999835,0.157016699215883,0.275596988075956,TRUE,FALSE,FALSE,0,0,0,2000,0.0045,FALSE,TRUE,TRUE
"IL1R2","Peng","pancreatic",0.547602846323383,0.738519481350687,0.868251379008467,0.408416139867992,0.67012194137413,TRUE,TRUE,TRUE,0.721,0,1,2000,0.9995,FALSE,TRUE,TRUE
"IL2RA","Peng","pancreatic",0.068038717580681,0.145552714324244,0.284424630726097,0.0517160764685673,0.0950153619725689,TRUE,FALSE,FALSE,0,0,0,2000,0,FALSE,TRUE,TRUE
"IL2RG","Peng","pancreatic",0.429058534191894,0.636823714057959,0.803592762587309,0.302076553553317,0.549004770442305,TRUE,FALSE,TRUE,0.1275,0,1,2000,0.977,FALSE,TRUE,TRUE
"IL3RA","Peng","pancreatic",0.0352598838010128,0.0785788220239819,0.165962410439194,0.0246895950706194,0.0513910963290124,TRUE,FALSE,FALSE,0,0,0,2000,0,FALSE,TRUE,TRUE
"IL4R","Peng","pancreatic",0.389266443794408,0.59794289593168,0.776294063375127,0.338900475678831,0.438657250681527,TRUE,FALSE,TRUE,0,0,0,2000,0.9995,FALSE,TRUE,TRUE
"IL6ST","Peng","pancreatic",0.259969488603738,0.450455791179887,0.656665276936197,0.213481210510776,0.316416425142339,TRUE,FALSE,FALSE,0,0,0,2000,0.073,FALSE,TRUE,TRUE
"IL7","Peng","pancreatic",0.611726887908257,0.786150338474901,0.895591439114574,0.542022796834517,0.671863751487686,TRUE,TRUE,TRUE,0.999,1,1,2000,1,FALSE,TRUE,TRUE
"IL9R","Peng","pancreatic",0.20857668429524,0.380782469985727,0.589299303944316,0.136962499896838,0.301966792963801,TRUE,FALSE,FALSE,0,0,0,2000,0.029,FALSE,TRUE,TRUE
"INHBE","Peng","pancreatic",NA,NA,NA,NA,NA,FALSE,NA,NA,NA,NA,NA,0,NA,FALSE,TRUE,TRUE
"IRF9","Peng","pancreatic",0.410921972745047,0.619433061985604,0.791574183920355,0.372760609566953,0.452913512653045,TRUE,FALSE,TRUE,0,0,0,2000,1,FALSE,TRUE,TRUE
"ITGA4","Peng","pancreatic",0.0818161597019783,0.172127311796587,0.326660746071118,0.0566647588292332,0.120822118202747,TRUE,FALSE,FALSE,0,0,0,2000,0,FALSE,TRUE,TRUE
"ITGB3","Peng","pancreatic",0.144256644006675,0.282300532742585,0.478567933106661,0.101089583678055,0.198066014103087,TRUE,FALSE,FALSE,0,0,0,2000,0,FALSE,TRUE,TRUE
"JUN","Peng","pancreatic",0.429788660480806,0.637512616484117,0.804062655425934,0.35543917628228,0.504256054176885,TRUE,FALSE,TRUE,0.033,0,1,2000,1,FALSE,TRUE,TRUE
"LEPR","Peng","pancreatic",0.21153077330985,0.384989085703395,0.593601214731862,0.144301758811372,0.292842186284491,TRUE,FALSE,FALSE,0,0,0,2000,0.015,FALSE,TRUE,TRUE
"LTB","Peng","pancreatic",0.183228281351399,0.343591700736522,0.549826297953756,0.107985299202454,0.327300468408322,TRUE,FALSE,FALSE,0,0,0,2000,0.0525,FALSE,TRUE,TRUE
"LTBR","Peng","pancreatic",0.556937433538146,0.745743815794766,0.872510161071533,0.505635309696125,0.609528112620524,TRUE,TRUE,TRUE,0.982,1,1,2000,1,FALSE,TRUE,TRUE
"MAP3K8","Peng","pancreatic",0.210465636854151,0.383475316931816,0.592056831415807,0.170534312422823,0.2717581195228,TRUE,FALSE,FALSE,0,0,0,2000,0.003,FALSE,TRUE,TRUE
"OSMR","Peng","pancreatic",0.387825581943942,0.596484012288042,0.775239075977066,0.31202217618249,0.46016716871158,TRUE,FALSE,TRUE,0.0015,0,0,2000,0.9895,FALSE,TRUE,TRUE
"PDGFC","Peng","pancreatic",0.398168307658669,0.60687491002392,0.78270375898036,0.26809782797005,0.538249161263452,TRUE,FALSE,TRUE,0.078,0,1,2000,0.936,FALSE,TRUE,TRUE
"PF4","Peng","pancreatic",0.894502755090846,0.951886408559106,0.978796943556755,0.772016444208646,0.936850797535129,TRUE,TRUE,TRUE,1,1,1,2000,1,FALSE,TRUE,TRUE
"PIK3R5","Peng","pancreatic",0.140991349513435,0.276921725203339,0.471908430031398,0.108020086346338,0.18092992576755,TRUE,FALSE,FALSE,0,0,0,2000,0,FALSE,TRUE,TRUE
"PLA2G2A","Peng","pancreatic",0.0397017061151768,0.0879800374794,0.183733572045545,0.0245118121739692,0.0857265400224516,TRUE,FALSE,FALSE,0,0,0,2000,0,FALSE,TRUE,TRUE
"PTPN1","Peng","pancreatic",0.308230469365714,0.509721971730136,0.708103431190156,0.281337679040495,0.342796822891959,TRUE,FALSE,TRUE,0,0,0,2000,0.7125,FALSE,TRUE,TRUE
"PTPN11","Peng","pancreatic",0.475766558834874,0.679241468907775,0.831680717672563,0.430218031135995,0.529973440752906,TRUE,FALSE,TRUE,0.166,0,1,2000,1,FALSE,TRUE,TRUE
"PTPN2","Peng","pancreatic",0.467073284593132,0.671593287261442,0.826740153628327,0.406770606136581,0.521280799698774,TRUE,FALSE,TRUE,0.1305,0,1,2000,1,FALSE,TRUE,TRUE
"REG1A","Peng","pancreatic",0.902145329046239,0.955578361101146,0.98046631574721,0.857963311042193,0.932404299303694,TRUE,TRUE,TRUE,1,1,1,2000,1,FALSE,TRUE,TRUE
"SOCS1","Peng","pancreatic",0.237094552036236,0.420340143917826,0.628531163080264,0.183032040580127,0.302173457905195,TRUE,FALSE,FALSE,0,0,0,2000,0.0295,FALSE,TRUE,TRUE
"STAM2","Peng","pancreatic",0.530146097170398,0.72472639810322,0.86000440374016,0.487755024577375,0.575008302271497,TRUE,TRUE,TRUE,0.9085,0,1,2000,1,FALSE,TRUE,TRUE
"STAT2","Peng","pancreatic",0.339661531060478,0.545497535163372,0.736875725831092,0.290628173036242,0.393264954101331,TRUE,FALSE,TRUE,0,0,0,2000,0.9425,FALSE,TRUE,TRUE
"STAT3","Peng","pancreatic",0.349221077569228,0.555972677577829,0.745001945649983,0.311789004638681,0.396964273809078,TRUE,FALSE,TRUE,0,0,0,2000,0.9975,FALSE,TRUE,TRUE
"TGFB1","Peng","pancreatic",0.156112957639571,0.301505097753961,0.501789218327586,0.124322845822552,0.19673105799159,TRUE,FALSE,FALSE,0,0,0,2000,0,FALSE,TRUE,TRUE
"TLR2","Peng","pancreatic",0.194288991549164,0.360065338316861,0.567637165403182,0.153734432290274,0.241460892986968,TRUE,FALSE,FALSE,0,0,0,2000,0,FALSE,TRUE,TRUE
"TNF","Peng","pancreatic",0.304998091234586,0.505921919759989,0.704950957261083,0.214881607875136,0.418658633363488,TRUE,FALSE,TRUE,5e-04,0,0,2000,0.574,FALSE,TRUE,TRUE
"TNFRSF12A","Peng","pancreatic",0.70223534050205,0.846220864900411,0.927745367911923,0.604152996160538,0.774309647612652,TRUE,TRUE,TRUE,1,1,1,2000,1,FALSE,TRUE,TRUE
"TNFRSF1A","Peng","pancreatic",0.331165656423352,0.536032471340299,0.729419237655705,0.298926279447143,0.369592468312983,TRUE,FALSE,TRUE,0,0,0,2000,0.9685,FALSE,TRUE,TRUE
"TNFRSF1B","Peng","pancreatic",0.148384069112278,0.289043550386058,0.486819068351525,0.118331229902509,0.185641738067982,TRUE,FALSE,FALSE,0,0,0,2000,0,FALSE,TRUE,TRUE
"TNFRSF21","Peng","pancreatic",0.692502739457906,0.84012304510892,0.924592177607176,0.638438098808565,0.739259073897203,TRUE,TRUE,TRUE,1,1,1,2000,1,FALSE,TRUE,TRUE
"ABCA1","Peng","pancreatic",0.253649861401975,0.442273022220518,0.649161538054792,0.184813969175026,0.333524030922169,TRUE,FALSE,FALSE,0,0,0,2000,0.1175,FALSE,TRUE,TRUE
"AKAP12","Peng","pancreatic",0.109794206201532,0.223471918590301,0.401733064985941,0.0787084536146328,0.153899004231748,TRUE,FALSE,FALSE,0,0,0,2000,0,FALSE,TRUE,TRUE
"BCL2L1","Peng","pancreatic",0.6947746453243,0.841553825195077,0.925334205339158,0.649900327108281,0.73141827812252,TRUE,TRUE,TRUE,1,1,1,2000,1,FALSE,TRUE,TRUE
"BCL6","Peng","pancreatic",0.394576275010183,0.603287431640741,0.780139518543588,0.343115010008595,0.446265791145853,TRUE,FALSE,TRUE,5e-04,0,0,2000,1,FALSE,TRUE,TRUE
"CCND1","Peng","pancreatic",0.739190076187747,0.868648437840833,0.939138314833339,0.691095864780595,0.781803749176398,TRUE,TRUE,TRUE,1,1,1,2000,1,FALSE,TRUE,TRUE
"CCND3","Peng","pancreatic",0.365844916129335,0.57376127629561,0.758507029550769,0.316401741868019,0.419628619578009,TRUE,FALSE,TRUE,0,0,0,2000,0.995,FALSE,TRUE,TRUE
"CDK4","Peng","pancreatic",0.366721527782597,0.57468460816176,0.759198120131153,0.325790841393338,0.41832113940981,TRUE,FALSE,TRUE,0,0,0,2000,1,FALSE,TRUE,TRUE
"CDKN1A","Peng","pancreatic",0.302937690288637,0.503487493034645,0.70292134361669,0.241879719135421,0.373938677088608,TRUE,FALSE,TRUE,0,0,0,2000,0.552,FALSE,TRUE,TRUE
"CDKN1B","Peng","pancreatic",0.364961515421597,0.572829324737986,0.757808509038029,0.299352124950246,0.436233080905816,TRUE,FALSE,TRUE,0,0,0,2000,0.973,FALSE,TRUE,TRUE
"CFLAR","Peng","pancreatic",0.490527172280131,0.691982062684221,0.839794503021205,0.42264398604498,0.549559571522794,TRUE,FALSE,TRUE,0.366,0,1,2000,1,FALSE,TRUE,TRUE
"CISH","Peng","pancreatic",0.215562820331668,0.390689168676606,0.59937979947445,0.168117801481693,0.271061756911425,TRUE,FALSE,FALSE,0,0,0,2000,5e-04,FALSE,TRUE,TRUE
"COPS5","Peng","pancreatic",0.469229646043139,0.673500585587335,0.827977196996752,0.423335157091603,0.518411193246182,TRUE,FALSE,TRUE,0.094,0,1,2000,1,FALSE,TRUE,TRUE
"CXCL8","Peng","pancreatic",0.413517198693121,0.621954792353547,0.793335824682353,0.28321555575171,0.595487415393388,TRUE,FALSE,TRUE,0.1715,0,1,2000,0.9555,FALSE,TRUE,TRUE
"DDIT3","Peng","pancreatic",0.604214516662937,0.780803477698445,0.892607121605618,0.519787651559911,0.674717872464401,TRUE,TRUE,TRUE,0.9965,1,1,2000,1,FALSE,TRUE,TRUE
"DNMT1","Peng","pancreatic",0.249842116328576,0.437292744959069,0.644543906233296,0.204820369303505,0.30903164815466,TRUE,FALSE,FALSE,0,0,0,2000,0.0475,FALSE,TRUE,TRUE
"EPAS1","Peng","pancreatic",0.10577088703662,0.216295103184743,0.391719288782252,0.0837624700911718,0.139246931862585,TRUE,FALSE,FALSE,0,0,0,2000,0,FALSE,TRUE,TRUE
"ESR2","Peng","pancreatic",0.25187977196884,0.43996257163597,0.647024132283788,0.161966181765849,0.368028564152399,TRUE,FALSE,FALSE,0,0,0,2000,0.191,FALSE,TRUE,TRUE
"ETV6","Peng","pancreatic",0.455899744139407,0.661601062709679,0.820204723790337,0.398360152931134,0.508599068772552,TRUE,FALSE,TRUE,0.05,0,1,2000,1,FALSE,TRUE,TRUE
"FGG","Peng","pancreatic",0.902680590839046,0.955835654345248,0.980582385438662,0.860983150450954,0.935399185886308,TRUE,TRUE,TRUE,1,1,1,2000,1,FALSE,TRUE,TRUE
"FGL1","Peng","pancreatic",0.862282117070513,0.935936514395639,0.971500935063089,0.797624972651108,0.908950832878502,TRUE,TRUE,TRUE,1,1,1,2000,1,FALSE,TRUE,TRUE
"FOS","Peng","pancreatic",0.357290799728073,0.564674518814459,0.751654035872255,0.281096871900084,0.445508937131569,TRUE,FALSE,TRUE,0.001,0,0,2000,0.9185,FALSE,TRUE,TRUE
"GFAP","Peng","pancreatic",0.655466435436087,0.816146322026709,0.911955698812658,0.502540632015388,0.790781305565876,TRUE,TRUE,TRUE,0.978,1,1,2000,1,FALSE,TRUE,TRUE
"GREB1","Peng","pancreatic",0.371282284081311,0.579465141264264,0.762760877090866,0.262967504641491,0.493289364287968,TRUE,FALSE,TRUE,0.0185,0,0,2000,0.8985,FALSE,TRUE,TRUE
"HSPA4","Peng","pancreatic",0.434533717418923,0.641969067068928,0.807091115707238,0.39241709850845,0.473268913892804,TRUE,FALSE,TRUE,0.001,0,0,2000,1,FALSE,TRUE,TRUE
"HSPB1","Peng","pancreatic",0.60315726751608,0.780046224849173,0.892182779393229,0.54057278664577,0.662718549660696,TRUE,TRUE,TRUE,0.9995,1,1,2000,1,FALSE,TRUE,TRUE
"ICAM1","Peng","pancreatic",0.26634172414687,0.458603643029878,0.664036038556312,0.194065109426333,0.348088189133234,TRUE,FALSE,FALSE,0,0,0,2000,0.2175,FALSE,TRUE,TRUE
"IKBKE","Peng","pancreatic",0.458813988354026,0.664225006787721,0.821929860028978,0.384467654137273,0.539631996562842,TRUE,FALSE,TRUE,0.1795,0,1,2000,1,FALSE,TRUE,TRUE
"JAK2","Peng","pancreatic",0.314763450287663,0.517331842912708,0.714359644760852,0.26214169757732,0.368653976490914,TRUE,FALSE,TRUE,0,0,0,2000,0.6905,FALSE,TRUE,TRUE
"JUNB","Peng","pancreatic",0.27207344588607,0.465845710224719,0.670504477696091,0.213719668833357,0.342562255980277,TRUE,FALSE,FALSE,0,0,0,2000,0.1925,FALSE,TRUE,TRUE
"KRT17","Peng","pancreatic",0.882725510482299,0.946129421893889,0.97617933333503,0.83204565976076,0.917803246373978,TRUE,TRUE,TRUE,1,1,1,2000,1,FALSE,TRUE,TRUE
"LEP","Peng","pancreatic",NA,NA,NA,NA,NA,FALSE,NA,NA,NA,NA,NA,0,NA,FALSE,TRUE,TRUE
"LGALS3BP","Peng","pancreatic",0.515550082014379,0.712901572483887,0.8528104524001,0.443731185943896,0.594316945340694,TRUE,TRUE,TRUE,0.6535,0,1,2000,1,FALSE,TRUE,TRUE
"LTBP1","Peng","pancreatic",0.152119432576518,0.295092863977661,0.494130741640912,0.116022168999986,0.196286511266558,TRUE,FALSE,FALSE,0,0,0,2000,0,FALSE,TRUE,TRUE
"MCL1","Peng","pancreatic",0.340190312480941,0.546081762079549,0.737332405716358,0.281808743767266,0.402897836220672,TRUE,FALSE,TRUE,0,0,0,2000,0.915,FALSE,TRUE,TRUE
"MDC1","Peng","pancreatic",0.405982591794329,0.614602279206711,0.788181292821085,0.355619646983979,0.461714950438548,TRUE,FALSE,TRUE,0.001,0,0,2000,1,FALSE,TRUE,TRUE
"MMP1","Peng","pancreatic",0.860086724622349,0.934826519013843,0.970988045245021,0.790527588255844,0.897952591237802,TRUE,TRUE,TRUE,1,1,1,2000,1,FALSE,TRUE,TRUE
"MMP7","Peng","pancreatic",0.905938615455588,0.957398156097169,0.981286507301754,0.876552379364224,0.925022882816906,TRUE,TRUE,TRUE,1,1,1,2000,1,FALSE,TRUE,TRUE
"MUC1","Peng","pancreatic",0.885234120880131,0.947362638633314,0.976741551789545,0.84699538895582,0.911604687062013,TRUE,TRUE,TRUE,1,1,1,2000,1,FALSE,TRUE,TRUE
"NME1","Peng","pancreatic",0.470426616584395,0.67455639514542,0.828660553929128,0.417680446137956,0.526209231622875,TRUE,FALSE,TRUE,0.125,0,1,2000,1,FALSE,TRUE,TRUE
"OAS1","Peng","pancreatic",0.64809182133496,0.811220457790271,0.909311554335066,0.559149083452775,0.721229457667097,TRUE,TRUE,TRUE,0.9995,1,1,2000,1,FALSE,TRUE,TRUE
"OPRM1","Peng","pancreatic",0.133250091810503,0.264010910194629,0.455635228571575,0,0.226214395182759,TRUE,FALSE,FALSE,0,0,0,1828,0,FALSE,TRUE,TRUE
"PAX3","Peng","pancreatic",0.892492866747565,0.950909771621116,0.978354130302237,0.625686741911449,1,TRUE,TRUE,TRUE,1,1,1,1078,1,FALSE,TRUE,TRUE
"PHB","Peng","pancreatic",0.555661102067032,0.744762118652275,0.871933862504228,0.486762048843126,0.620796267344494,TRUE,TRUE,TRUE,0.929,0,1,2000,1,FALSE,TRUE,TRUE
"POU2F1","Peng","pancreatic",0.475052345931336,0.678617210228529,0.831279442384678,0.438535363756965,0.508623731151737,TRUE,FALSE,TRUE,0.082,0,1,2000,1,FALSE,TRUE,TRUE
"PPARA","Peng","pancreatic",0.565297206658856,0.752126672697771,0.876238802721749,0.502207382489111,0.625626684561131,TRUE,TRUE,TRUE,0.981,1,1,2000,1,FALSE,TRUE,TRUE
"PRDM1","Peng","pancreatic",0.126803276651963,0.253084973619479,0.441536575147722,0.105028746052202,0.155891789962914,TRUE,FALSE,FALSE,0,0,0,2000,0,FALSE,TRUE,TRUE
"PROS1","Peng","pancreatic",0.210996797118114,0.384230619773145,0.592827924833742,0.147512504861377,0.287883269974246,TRUE,FALSE,FALSE,0,0,0,2000,0.013,FALSE,TRUE,TRUE
"PSMB5","Peng","pancreatic",0.432383335848411,0.639953909018665,0.805724084457843,0.385499956900756,0.484748465913416,TRUE,FALSE,TRUE,0.008,0,0,2000,1,FALSE,TRUE,TRUE
"PTGS2","Peng","pancreatic",0.673817354400516,0.82818232728831,0.918347042476908,0.39617005386417,0.80764328399896,TRUE,TRUE,TRUE,0.9125,0,1,2000,0.9975,FALSE,TRUE,TRUE
"PTPN6","Peng","pancreatic",0.255078888011663,0.444132355524346,0.650875607357881,0.211783409700591,0.313584300614328,TRUE,FALSE,FALSE,0,0,0,2000,0.0715,FALSE,TRUE,TRUE
"ROR1","Peng","pancreatic",0.47504612480512,0.678611769447626,0.831275943493396,0.375391835768358,0.593831981784327,TRUE,FALSE,TRUE,0.325,0,1,2000,1,FALSE,TRUE,TRUE
"S100A11","Peng","pancreatic",0.631179440368137,0.79972521191731,0.903075661474086,0.57617185086525,0.678557524828514,TRUE,TRUE,TRUE,1,1,1,2000,1,FALSE,TRUE,TRUE
"S1PR1","Peng","pancreatic",0.0387254415049046,0.0859228307689396,0.179878989197278,0.0258336753533476,0.0576287116363489,TRUE,FALSE,FALSE,0,0,0,2000,0,FALSE,TRUE,TRUE
"SALL4","Peng","pancreatic",0.367865705153664,0.57588758743647,0.760097075772731,0.210302353376074,0.613747843053139,TRUE,FALSE,TRUE,0.129,0,1,2000,0.786,FALSE,TRUE,TRUE
"SHH","Peng","pancreatic",0.931652906794013,0.969517895341307,0.986704657999804,0.891809165687947,0.953952041168648,TRUE,TRUE,TRUE,1,1,1,2000,1,FALSE,TRUE,TRUE
"STK11","Peng","pancreatic",0.456835869968744,0.662445318654647,0.820760487032407,0.411403073672877,0.500298549837834,TRUE,FALSE,TRUE,0.027,0,1,2000,1,FALSE,TRUE,TRUE
"TIMP1","Peng","pancreatic",0.172218142000077,0.326800932202989,0.531111753576585,0.133118573084051,0.223765544680683,TRUE,FALSE,FALSE,0,0,0,2000,5e-04,FALSE,TRUE,TRUE
"TNFRSF10B","Peng","pancreatic",0.512105372817753,0.710070982766093,0.851071101684742,0.444569293731565,0.573826533300314,TRUE,TRUE,TRUE,0.628,0,1,2000,1,FALSE,TRUE,TRUE
"TP53","Peng","pancreatic",0.333320665872791,0.538447371727587,0.731332083249809,0.278312762557676,0.392315261747185,TRUE,FALSE,TRUE,0,0,0,2000,0.8825,FALSE,TRUE,TRUE
"TP63","Peng","pancreatic",0.820971587646369,0.914529765960702,0.961489018195793,0.728966383663682,0.890330865427011,TRUE,TRUE,TRUE,1,1,1,2000,1,FALSE,TRUE,TRUE
"VDR","Peng","pancreatic",0.402853811670868,0.611520873927848,0.786004496784855,0.341157865085164,0.473178331072096,TRUE,FALSE,TRUE,0.005,0,0,2000,1,FALSE,TRUE,TRUE
"VEGFA","Peng","pancreatic",0.605973679945215,0.782060858251298,0.89331079412988,0.51313283256356,0.70093125707525,TRUE,TRUE,TRUE,0.991,1,1,2000,1,FALSE,TRUE,TRUE
"VEGFB","Peng","pancreatic",0.375285947930275,0.583629796573871,0.765843824596716,0.322174166810844,0.438298339715226,TRUE,FALSE,TRUE,0,0,0,2000,1,FALSE,TRUE,TRUE
"ZFP36","Peng","pancreatic",0.461695806239888,0.666807342865264,0.823621401943273,0.224685894375679,0.639270915209185,TRUE,FALSE,TRUE,0.3245,0,1,2000,0.67,FALSE,TRUE,TRUE
"A2M","Peng","pancreatic",0.0472730883842674,0.103763573457775,0.212689155635529,0.035291921495375,0.0641096236215906,TRUE,FALSE,FALSE,0,0,0,2000,0,FALSE,TRUE,TRUE
"HMOX1","Peng","pancreatic",0.172249588665907,0.326849460135173,0.531166682448588,0.132532842240486,0.225128778580344,TRUE,FALSE,FALSE,0,0,0,2000,0,FALSE,TRUE,TRUE
"IFNAR1","Peng","pancreatic",0.415931662846689,0.624290799517824,0.794961953859768,0.384277455535265,0.451681538187874,TRUE,FALSE,TRUE,0,0,0,2000,1,FALSE,TRUE,TRUE
"IRF1","Peng","pancreatic",0.444363953424099,0.651088737451244,0.81322849872621,0.405488753351774,0.493585249457836,TRUE,FALSE,TRUE,0.0105,0,0,2000,1,FALSE,TRUE,TRUE
"MYD88","Peng","pancreatic",0.494536739211092,0.695390715558956,0.841941033056632,0.422944600583817,0.56021046943488,TRUE,FALSE,TRUE,0.399,0,1,2000,1,FALSE,TRUE,TRUE
"PIM1","Peng","pancreatic",0.310284304224727,0.512124465324711,0.71008671406086,0.263125927938683,0.358531237696065,TRUE,FALSE,TRUE,0,0,0,2000,0.657,FALSE,TRUE,TRUE
"STAT1","Peng","pancreatic",0.483885894462616,0.686287378038613,0.836185661679807,0.436391025655561,0.530080875917526,TRUE,FALSE,TRUE,0.251,0,1,2000,1,FALSE,TRUE,TRUE
"TYK2","Peng","pancreatic",0.37839097134364,0.586839328449136,0.768206622090758,0.340565487791099,0.416885237625079,TRUE,FALSE,TRUE,0,0,0,2000,1,FALSE,TRUE,TRUE
"BCL2","Peng","pancreatic",0.201365267652271,0.370403703365251,0.578547249480016,0.153750502088728,0.259308090026175,TRUE,FALSE,FALSE,0,0,0,2000,0,TRUE,FALSE,FALSE
"MMP9","Peng","pancreatic",0.120240127374777,0.241795587547345,0.426642630316859,0.0609607827643364,0.22382994045038,TRUE,FALSE,FALSE,0,0,0,2000,0.0015,TRUE,FALSE,FALSE
"HGF","Peng","pancreatic",0.0404539714461509,0.0895617614536673,0.186684398623087,0.0280182780632816,0.0575716547151612,TRUE,FALSE,FALSE,0,0,0,2000,0,TRUE,FALSE,FALSE
