"gene","n","r","ci_lo","ci_hi","p","p_adj_BH"
"OSMR",114,0.3826,0.213752001923759,0.529293218018529,2.65363187959152e-05,0.00306581896062212
"TYK2",114,0.3729,0.202946187721825,0.52111302251643,4.37974137231732e-05,0.00306581896062212
"ETV6",114,0.3456,0.172643820851458,0.497857488775347,0.000165953070631728,0.00647912606700914
"BCL6",114,0.3432,0.170046311559543,0.495842028397904,0.000185117887628832,0.00647912606700914
"DNMT1",114,0.3166,0.140895085928664,0.472979690076715,0.00059937375333226,0.0167824650933033
"REG1A",114,0.309,0.132639519594515,0.466422835909857,0.000821949988633244,0.0175993531056551
"IKBKE",114,0.3064,0.129770050718672,0.464135182426981,0.00091573001985869,0.0175993531056551
"GRB2",114,0.2994,0.122246921984735,0.458116195185569,0.00121051185534862,0.0175993531056551
"JAK2",114,0.2983,0.120994942773333,0.457111532967127,0.00126731563810081,0.0175993531056551
"STAT3",114,0.2961,0.118657138740396,0.455233241637633,0.00138000215837854,0.0175993531056551
"ACVRL1",114,0.2953,0.117730267222248,0.454487723363463,0.00142717612542507,0.0175993531056551
"ICAM1",114,0.2936,0.11594436357769,0.453049921096679,0.0015222762692698,0.0175993531056551
"PTPN6",114,0.2918,0.11396894368505,0.451457496950137,0.00163422564552512,0.0175993531056551
"IRF1",114,0.2877,0.109587270177723,0.447917655980911,0.00191000216832801,0.0191000216832801
"PTPN1",114,0.2836,0.105118719781432,0.44429667175245,0.00223459104141051,0.0208561830531648
"PRDM1",114,0.2783,0.0994436296992786,0.439681966877484,0.0027193386053921,0.0225291505749546
"SOCS3",114,0.2781,0.0992688826690774,0.439539585503871,0.00273568256981592,0.0225291505749546
"PIK3R5",114,0.2654,0.0856791662956902,0.428414257032072,0.00431775340168296,0.0326527008559284
"MAP3K8",114,0.2647,0.0848878445689,0.427763217728205,0.00443143797330457,0.0326527008559284
"POU2F1",114,0.2626,0.0827239006180152,0.425981070865485,0.00475628413410031,0.0329067167438819
"LTBP1",114,0.2616,0.0815834746580062,0.425040783756965,0.00493600751158229,0.0329067167438819
"ESR2",114,0.2586,0.0783877873727781,0.422401968363944,0.00547277137964753,0.0348267269613934
"MMP7",114,0.2448,0.0637334488702095,0.410226108593606,0.00867051480826981,0.0527770466590336
"JUN",114,0.2338,0.0521524327340726,0.40051559974248,0.0122846423593982,0.0669023940894036
"MUC1",114,0.2322,0.0504748124263313,0.399102421553476,0.0129063263067766,0.0669023940894036
"TLR2",114,0.2311,0.0492427404126061,0.39806350424231,0.0133804788178807,0.0669023940894036
"IL6",114,0.2244,0.0422634658637208,0.392161447285855,0.0163683406505898,0.0757230356282721
"CD44",114,0.2244,0.0421754678376523,0.392086846981006,0.01640948812858,0.0757230356282721
"TNFRSF10B",114,0.2236,0.041418442288939,0.391444888610411,0.0167672436034031,0.0757230356282721
"IL15RA",114,0.2215,0.0391622006106365,0.389529570500216,0.0178744774783445,0.0760437922548339
"VEGFA",114,0.2211,0.0387947918267463,0.389217390889259,0.018060727128017,0.0760437922548339
"IL7",114,0.2204,0.0380032415374917,0.38854455341948,0.0184677781190311,0.0760437922548339
"IL10RB",114,0.2162,0.0335825694100891,0.384779985682782,0.0208921898647567,0.0806920490620765
"CSF1",114,0.2158,0.0331727819129802,0.384430424996579,0.0211304054754354,0.0806920490620765
"PTPN2",114,0.2155,0.0328397306432216,0.384146248329682,0.0213257558235488,0.0806920490620765
"ITGA4",114,0.2073,0.0243323551019588,0.376864676873239,0.0268786382496213,0.0972230703328574
"MDC1",114,0.207,0.0240486937184551,0.376621134513971,0.0270835695927246,0.0972230703328574
"TNFRSF1A",114,0.2046,0.0215265435497564,0.374453553800891,0.0289659113261988,0.101380689641696
"STK11",114,0.2036,0.020421758628472,0.37350286558717,0.0298253603026967,0.101842693716525
"VDR",114,0.2017,0.0184431375878731,0.371798369227369,0.0314196013222402,0.104732004407467
"SOCS1",114,0.1924,0.00881244168164228,0.363467780090405,0.0402669273864071,0.120393388748816
"CFLAR",114,0.1917,0.00807154573447554,0.362824544066284,0.0410277957648363,0.120393388748816
"IFNGR1",114,0.1869,0.00307312916269619,0.358476133383957,0.0464870731525962,0.129978177373306
"CSF2RB",114,0.1867,0.00290892734874565,0.358333022643616,0.0466763631147832,0.129978177373306
"TNFRSF21",114,0.1862,0.00232979083138411,0.35782814053814,0.04734919318599,0.129978177373306
"VEGFB",114,0.1824,-0.0015926592262126,0.35440313031376,0.0521251359066923,0.140336904364172
"TP53",114,0.172,-0.0122834144801858,0.34501941384826,0.0672354325777187,0.174314084460752
"STAT2",114,0.1651,-0.0194205166757621,0.338714872351964,0.0792160485554443,0.198877162277558
"STAM2",114,0.1649,-0.0196068589160771,0.338549835481777,0.0795508649110232,0.198877162277558
"CISH",114,0.1641,-0.0204307150286462,0.337819910471129,0.0810450600373993,0.199058042197121
"TGFB1",114,0.1618,-0.0228359453440345,0.335686441654597,0.0855389821530248,0.203289242160443
"IL4R",114,0.1617,-0.0229054994535333,0.335624691535531,0.0856718949104724,0.203289242160443
"IL1B",114,0.1606,-0.0240270382721263,0.334628564082632,0.087838372126953,0.204956201629557
"CXCL3",114,0.1568,-0.0279442571183537,0.331143071763581,0.095756717701948,0.219769516037258
"S100A11",114,0.1543,-0.030509336902463,0.328855374095042,0.10124690718599,0.228622048484493
"TNFRSF1B",114,0.1529,-0.0319046436304884,0.327609179154222,0.104337853561667,0.231861896803704
"JUNB",114,0.1485,-0.0364444283847307,0.323545871540124,0.114920299763238,0.251388155732083
"PIM1",114,0.1425,-0.0425540399530335,0.318056461480502,0.130486470813945,0.272920486626085
"CDKN1B",114,0.1423,-0.0427368483882653,0.317891836968443,0.130976510068739,0.272920486626085
"BAK1",114,0.1417,-0.0433244383923763,0.317362547128811,0.132561379218384,0.272920486626085
"CD9",114,0.1378,-0.0472667631022124,0.313805555020634,0.143585660982567,0.291333225182021
"PTGS2",114,0.1309,-0.054316519704317,0.30741949268711,0.165054301154325,0.325459185374726
"LTB",114,0.1299,-0.0553837193763887,0.30644991575425,0.168507008855775,0.327652517219562
"TP63",114,0.1291,-0.0561681833819703,0.305736731957182,0.171079770395975,0.3280981898005
"ROR1",114,0.1251,-0.0601810003722658,0.302082175841878,0.184707980338048,0.338856340045358
"CD38",114,0.125,-0.0602834296556359,0.301988751778064,0.185066203882127,0.338856340045358
"IL12RB1",114,0.1247,-0.0606552637105166,0.301649549565871,0.186370987024947,0.338856340045358
"IL17RA",114,0.1086,-0.0768126355412199,0.286821016866771,0.249917315680453,0.437355302440792
"CCND3",114,0.1074,-0.0780465590664853,0.285681368169614,0.255337501452151,0.440249831925806
"HSPB1",114,0.1068,-0.0786146362328669,0.285156347441264,0.257860615842258,0.440249831925806
"CSF3R",114,0.1055,-0.079955465632636,0.283916277629183,0.26388554927369,0.442648154011142
"IL1R1",114,0.1049,-0.0806026103084921,0.283317328235626,0.266828553003524,0.442648154011142
"EPAS1",114,0.0968,-0.0887403002704062,0.275761374045175,0.305804250275211,0.485913935691971
"CXCL1",114,0.0967,-0.0887937198911119,0.27571162394116,0.306072228862068,0.485913935691971
"FOS",114,0.0955,-0.090040778152488,0.274549673814981,0.31237324437341,0.485913935691971
"TNF",114,0.0854,-0.100084608784782,0.265152322707622,0.366287745997033,0.551400907952522
"CXCL11",114,0.0824,-0.103124124725556,0.262294705311953,0.38371291245285,0.561158683519166
"MCL1",114,0.078,-0.107504395996364,0.258165265590522,0.409724391635038,0.584908862399507
"DDIT3",114,0.0773,-0.108144527975882,0.257560668999277,0.413614124125366,0.584908862399507
"IL18R1",114,0.073,-0.112439999538333,0.253496228943916,0.440292928011202,0.609020196623071
"CSF2",114,0.0715,-0.113961559267629,0.252053400474585,0.449982305423975,0.609020196623071
"SALL4",114,0.0713,-0.114129558119822,0.25189399470104,0.451059732412716,0.609020196623071
"ZFP36",114,0.0711,-0.114340547179472,0.251693769513376,0.45241500320571,0.609020196623071
"IL2RA",114,0.0689,-0.11649403625371,0.249648349809674,0.466383110787121,0.615977693492424
"MMP1",114,0.064,-0.12133669953263,0.245036741771515,0.498682282367376,0.634686541194842
"CBL",114,0.0587,-0.126573583284245,0.240030994363298,0.53495766285788,0.663766735443237
"ACVR1B",114,0.0586,-0.126686463314152,0.239922881364082,0.535754579322041,0.663766735443237
"HSPA4",114,0.0586,-0.126640888031346,0.23996653305409,0.535432749436113,0.663766735443237
"PF4",114,0.0568,-0.128430650419585,0.238251196304925,0.548147116532155,0.665989879252351
"CCR1",114,0.0556,-0.129605516005748,0.237123941302658,0.556577256232322,0.665989879252351
"CXCL10",114,0.054,-0.13124037420148,0.235553689638246,0.568417066529954,0.674393129781302
"FAS",114,0.0526,-0.132570140306179,0.234275059501345,0.578139577265075,0.680164208547147
"IRF9",114,0.0413,-0.143668534290828,0.223553722104602,0.662330792873884,0.766333148779701
"LTBR",114,0.0395,-0.145460422439493,0.221814339297294,0.676400369346015,0.776197145151164
"CXCL13",114,0.0354,-0.149492954603914,0.21789139967491,0.708502912783278,0.796394401336652
"CXCL8",114,0.0352,-0.149707961854878,0.217681901813987,0.710230992725531,0.796394401336652
"KRT17",114,0.0351,-0.149811834804721,0.217580678396426,0.711066429764867,0.796394401336652
"CDKN1A",114,0.0227,-0.161889227600306,0.205757222581748,0.810527804085258,0.875850004744604
"CD14",114,0.0217,-0.162887130076204,0.204775477465821,0.818928095290799,0.875850004744604
"IFNAR1",114,0.0216,-0.16296034511547,0.204703418734912,0.819545361582451,0.875850004744604
"CXCL9",114,0.0188,-0.165725198327269,0.201979311781264,0.842945566214452,0.893110636551224
"CCL7",114,0.0169,-0.167545637313482,0.200182589380664,0.858442644899429,0.893110636551224
"MYD88",114,0.0168,-0.167681067117614,0.200048825031425,0.859598193541734,0.893110636551224
"ABCA1",114,0.0133,-0.171004127871694,0.196762329351291,0.888057842097549,0.907504364187276
"EBI3",114,-0.003,-0.186848856867075,0.180977467251095,0.974404654688729,0.974404654688729
"GREB1",114,-0.0056,-0.189306846709773,0.178511666961351,0.952959198411672,0.959815019982979
"HAX1",114,-0.006,-0.18968932040355,0.178127562099383,0.949623020185469,0.959815019982979
"ITGB3",114,-0.0139,-0.197341226524948,0.170419396439199,0.883036027622035,0.907504364187276
"COPS5",114,-0.0166,-0.199861847961215,0.167870348919451,0.861213828102966,0.893110636551224
"IFNGR2",114,-0.0227,-0.205773520969353,0.161872654629667,0.810388499208671,0.875850004744604
"MYC",114,-0.0231,-0.206143285557794,0.161496604790155,0.807229430303256,0.875850004744604
"CCND1",114,-0.0248,-0.207768188767921,0.159842815108081,0.793379246740673,0.875850004744604
"HMOX1",114,-0.051,-0.232717479688914,0.134188229865578,0.590079806498061,0.688426440914404
"PLA2G2A",114,-0.056,-0.237473119806501,0.129241699693443,0.553959673382579,0.665989879252351
"IL6ST",114,-0.0569,-0.238347578621805,0.128330149526651,0.547429054480686,0.665989879252351
"LGALS3BP",114,-0.0654,-0.246306667751452,0.120004884321103,0.489678274430936,0.628944572663588
"PPARA",114,-0.0666,-0.247508521796258,0.118743242978774,0.481233078243936,0.62382065698288
"IL1R2",114,-0.0682,-0.248991778340529,0.117184568412486,0.470914005162452,0.616149165633115
"OAS1",114,-0.0699,-0.250639959704434,0.115450464596987,0.459583507774088,0.612778010365451
"S1PR1",114,-0.0744,-0.254868677507065,0.110991065838626,0.431181847941934,0.603654587118707
"CNTFR",114,-0.0799,-0.260016313246826,0.105542665441853,0.397944149713872,0.574352381030331
"CDK4",114,-0.0822,-0.262119848027919,0.103309891052097,0.384794525841714,0.561158683519166
"STAT1",114,-0.0837,-0.263546537088995,0.1017934483999,0.376021110244326,0.560031440789422
"BCL2L1",114,-0.0885,-0.26809836297922,0.0969438886692443,0.34882303547653,0.530817662681677
"CD36",114,-0.0913,-0.270629523049534,0.094239645941152,0.334226866757395,0.514195179626761
"FGG",114,-0.0957,-0.274800546188821,0.0897716271312337,0.311005970317839,0.485913935691971
"AKAP12",114,-0.1004,-0.279185916999825,0.085058119791425,0.287714858298039,0.468373025136342
"NME1",114,-0.1044,-0.282928489499761,0.0810225733042521,0.268750664935336,0.442648154011142
"TNFRSF12A",114,-0.1124,-0.290282480073471,0.073057988717058,0.233928840307346,0.414557438519347
"PDGFC",114,-0.1233,-0.300441352826939,0.0619788746298402,0.191071512144543,0.342948867951743
"IL17RB",114,-0.1261,-0.303029797539048,0.0591416053325575,0.181102283939127,0.338856340045358
"PTPN11",114,-0.1325,-0.308909533121065,0.0526748407088409,0.159848557337327,0.319697114674654
"PSMB5",114,-0.1468,-0.321991648910164,0.0381769846647704,0.119176862934751,0.256688627859464
"SHH",114,-0.1733,-0.346154520515499,0.0109945295431106,0.0652404888125165,0.172333366674572
"PROS1",114,-0.1915,-0.362615388255814,-0.00783071852887272,0.0412777332853084,0.120393388748816
"A2M",114,-0.1941,-0.365008333499892,-0.0105884755708248,0.0384917733661265,0.119752183805727
"INHBE",114,-0.1967,-0.367322105921815,-0.0132601263953784,0.0359473551923987,0.11437794833945
"PHB",114,-0.1986,-0.369014586134751,-0.0152175944274171,0.034175699236539,0.111269718444546
"LEPR",114,-0.2322,-0.399109724717538,-0.0504834771465343,0.012903045116063,0.0669023940894036
"FGL1",114,-0.2378,-0.404000224117855,-0.0562975390539759,0.0108609652230243,0.0633556304676416
