"gene","qualifying","f30_lineage","f30_malignant","delta_f30","dominant_lineage","dominant_malignant","evaluable_lineage","evaluable_malig","call_changed"
"MYC",TRUE,0.327426599744924,0.438381418040813,0.110954818295889,FALSE,FALSE,TRUE,TRUE,FALSE
"IL6",TRUE,0.0182233762524951,0.0281158349996764,0.00989245874718131,FALSE,FALSE,TRUE,TRUE,FALSE
"SOCS3",TRUE,0.0570576285857309,0.0884277556408571,0.0313701270551262,FALSE,FALSE,TRUE,TRUE,FALSE
"ACVR1B",TRUE,0.552955787368786,0.595244250566711,0.0422884631979253,TRUE,TRUE,TRUE,TRUE,FALSE
"ACVRL1",TRUE,0.124068167613141,0.185780352221236,0.0617121846080951,FALSE,FALSE,TRUE,TRUE,FALSE
"BAK1",TRUE,0.380766128003533,0.474540675831352,0.0937745478278192,FALSE,FALSE,TRUE,TRUE,FALSE
"CBL",TRUE,0.251535694182717,0.336293450461647,0.0847577562789305,FALSE,FALSE,TRUE,TRUE,FALSE
"CCL7",TRUE,NA,NA,NA,NA,NA,FALSE,FALSE,FALSE
"CCR1",TRUE,0.0242436651100211,0.0344242571129327,0.0101805920029115,FALSE,FALSE,TRUE,TRUE,FALSE
"CD14",TRUE,0.372316010715276,0.494611793047524,0.122295782332248,FALSE,FALSE,TRUE,TRUE,FALSE
"CD36",TRUE,0.111516583819565,0.170052549528412,0.0585359657088474,FALSE,FALSE,TRUE,TRUE,FALSE
"CD38",TRUE,0.00791927486625725,0.0113640747222917,0.00344479985603442,FALSE,FALSE,TRUE,TRUE,FALSE
"CD44",TRUE,0.328383652237025,0.435092752638946,0.106709100401921,FALSE,FALSE,TRUE,TRUE,FALSE
"CD9",TRUE,0.280921626510051,0.38778288006087,0.106861253550819,FALSE,FALSE,TRUE,TRUE,FALSE
"CNTFR",TRUE,0.587403794863979,0.599577868234585,0.0121740733706054,NA,NA,FALSE,FALSE,FALSE
"CRLF2",TRUE,NA,NA,NA,NA,NA,FALSE,FALSE,FALSE
"CSF1",TRUE,0.329666544711834,0.363721253194413,0.034054708482579,FALSE,FALSE,TRUE,TRUE,FALSE
"CSF2",TRUE,NA,NA,NA,NA,NA,FALSE,FALSE,FALSE
"CSF2RA",TRUE,0.181208646914806,0.266494644624279,0.0852859977094732,FALSE,FALSE,TRUE,TRUE,FALSE
"CSF2RB",TRUE,0.00887448279673135,0.01061509922462,0.00174061642788864,FALSE,FALSE,TRUE,TRUE,FALSE
"CSF3R",TRUE,0.0494355054958401,0.0507626523709235,0.00132714687508338,FALSE,FALSE,TRUE,TRUE,FALSE
"CXCL1",TRUE,0.940251126478847,0.882516097105176,-0.057735029373671,TRUE,TRUE,TRUE,TRUE,FALSE
"CXCL10",TRUE,0.189073189348875,0.276408491491642,0.087335302142767,FALSE,FALSE,TRUE,TRUE,FALSE
"CXCL11",TRUE,0.170174484865377,0.200135872983922,0.0299613881185452,FALSE,FALSE,TRUE,TRUE,FALSE
"CXCL13",TRUE,0.0166057433223699,0.0285396483674202,0.0119339050450503,FALSE,FALSE,TRUE,TRUE,FALSE
"CXCL3",TRUE,0.409649830146529,0.463824262158457,0.0541744320119281,FALSE,FALSE,TRUE,TRUE,FALSE
"CXCL9",TRUE,0.0616451101972399,0.0816733646100735,0.0200282544128336,FALSE,FALSE,TRUE,TRUE,FALSE
"DNTT",TRUE,NA,NA,NA,NA,NA,FALSE,FALSE,FALSE
"EBI3",TRUE,0.0884148046194542,0.138827054909469,0.0504122502900146,FALSE,FALSE,TRUE,TRUE,FALSE
"FAS",TRUE,0.248466441390267,0.342887238676448,0.094420797286181,FALSE,FALSE,TRUE,TRUE,FALSE
"GRB2",TRUE,0.260969966523765,0.355935678394104,0.0949657118703387,FALSE,FALSE,TRUE,TRUE,FALSE
"HAX1",TRUE,0.495090501815339,0.600660531328589,0.10557002951325,FALSE,TRUE,TRUE,TRUE,TRUE
"IFNGR1",TRUE,0.388563529302822,0.50691467997826,0.118351150675438,FALSE,TRUE,TRUE,TRUE,TRUE
"IFNGR2",TRUE,0.440527847094335,0.542783354669098,0.102255507574763,FALSE,TRUE,TRUE,TRUE,TRUE
"IL10RB",TRUE,0.344499707096938,0.442107041444772,0.0976073343478341,FALSE,FALSE,TRUE,TRUE,FALSE
"IL12RB1",TRUE,0.0246210070514104,0.0306382650899426,0.00601725803853218,FALSE,FALSE,TRUE,TRUE,FALSE
"IL13RA1",TRUE,0.50508380119492,0.579030571496793,0.0739467703018732,TRUE,TRUE,TRUE,TRUE,FALSE
"IL15RA",TRUE,0.449250630066343,0.558960741353245,0.109710111286902,FALSE,TRUE,TRUE,TRUE,TRUE
"IL17RA",TRUE,0.271145602040143,0.318866758792429,0.0477211567522859,FALSE,FALSE,TRUE,TRUE,FALSE
"IL17RB",TRUE,0.859256782176148,0.857213937363649,-0.0020428448124995,TRUE,TRUE,TRUE,TRUE,FALSE
"IL18R1",TRUE,0.169658689005396,0.237916296465344,0.0682576074599474,FALSE,FALSE,TRUE,TRUE,FALSE
"IL1B",TRUE,0.0166826535946363,0.0274669058267648,0.0107842522321285,FALSE,FALSE,TRUE,TRUE,FALSE
"IL1R1",TRUE,0.427738751609694,0.50208530749374,0.0743465558840454,FALSE,TRUE,TRUE,TRUE,TRUE
"IL1R2",TRUE,0.72757790538149,0.786590189873418,0.0590122844919277,TRUE,TRUE,TRUE,TRUE,FALSE
"IL2RA",TRUE,0.0290771032664354,0.0357009985267964,0.006623895260361,FALSE,FALSE,TRUE,TRUE,FALSE
"IL2RG",TRUE,0.161587384588575,0.223870119635365,0.0622827350467909,FALSE,FALSE,TRUE,TRUE,FALSE
"IL3RA",TRUE,0.0139817889398309,0.0232835890800728,0.00930180014024196,FALSE,FALSE,TRUE,TRUE,FALSE
"IL4R",TRUE,0.275667370515126,0.32038193991893,0.0447145694038047,FALSE,FALSE,TRUE,TRUE,FALSE
"IL6ST",TRUE,0.337419508045397,0.416939133537587,0.0795196254921899,FALSE,FALSE,TRUE,TRUE,FALSE
"IL7",TRUE,0.447180128576252,0.544279285812041,0.0970991572357887,FALSE,TRUE,TRUE,TRUE,TRUE
"IL9R",TRUE,NA,NA,NA,NA,NA,FALSE,FALSE,FALSE
"INHBE",TRUE,0.994563518947987,0.960463955765957,-0.0340995631820299,TRUE,TRUE,TRUE,TRUE,FALSE
"IRF9",TRUE,0.142781576694846,0.180391033067804,0.0376094563729581,FALSE,FALSE,TRUE,TRUE,FALSE
"ITGA4",TRUE,0.0107306678582671,0.0168012200634534,0.00607055220518637,FALSE,FALSE,TRUE,TRUE,FALSE
"ITGB3",TRUE,NA,NA,NA,NA,NA,FALSE,FALSE,FALSE
"JUN",TRUE,0.184530424612641,0.256684858411323,0.0721544337986821,FALSE,FALSE,TRUE,TRUE,FALSE
"LEPR",TRUE,0.714508728700812,0.760459106880101,0.0459503781792889,TRUE,TRUE,TRUE,TRUE,FALSE
"LTB",TRUE,0.0822947735052145,0.124067154133598,0.041772380628383,FALSE,FALSE,TRUE,TRUE,FALSE
"LTBR",TRUE,0.560216070244543,0.615950713236796,0.0557346429922528,TRUE,TRUE,TRUE,TRUE,FALSE
"MAP3K8",TRUE,0.332292861904637,0.453186855855019,0.120893993950382,FALSE,FALSE,TRUE,TRUE,FALSE
"OSMR",TRUE,0.61512823530248,0.672584293311377,0.0574560580088972,TRUE,TRUE,TRUE,TRUE,FALSE
"PDGFC",TRUE,0.696545313728775,0.657810328063551,-0.0387349856652239,TRUE,TRUE,TRUE,TRUE,FALSE
"PF4",TRUE,0.918030056907381,0.922951961011836,0.00492190410445448,TRUE,TRUE,TRUE,TRUE,FALSE
"PIK3R5",TRUE,0.0365761219631107,0.0430928929774946,0.0065167710143839,FALSE,FALSE,TRUE,TRUE,FALSE
"PLA2G2A",TRUE,0.840423727437206,0.806479445671507,-0.0339442817656994,TRUE,TRUE,TRUE,TRUE,FALSE
"PTPN1",TRUE,0.250608412468133,0.348334566357985,0.0977261538898521,FALSE,FALSE,TRUE,TRUE,FALSE
"PTPN11",TRUE,0.59030605940137,0.646554753176738,0.0562486937753687,TRUE,TRUE,TRUE,TRUE,FALSE
"PTPN2",TRUE,0.313704492329791,0.400949206360312,0.0872447140305216,FALSE,FALSE,TRUE,TRUE,FALSE
"REG1A",TRUE,0.976727590503501,0.983716744539037,0.00698915403553635,TRUE,TRUE,TRUE,TRUE,FALSE
"SOCS1",TRUE,0.109722035676232,0.157805649466661,0.0480836137904297,FALSE,FALSE,TRUE,TRUE,FALSE
"STAM2",TRUE,0.522123176328602,0.603047314950214,0.0809241386216121,TRUE,TRUE,TRUE,TRUE,FALSE
"STAT2",TRUE,0.417731800422121,0.485149585928473,0.0674177855063522,FALSE,FALSE,TRUE,TRUE,FALSE
"STAT3",TRUE,0.201262967656961,0.269907779958733,0.0686448123017726,FALSE,FALSE,TRUE,TRUE,FALSE
"TGFB1",TRUE,0.227296624839041,0.31320004847393,0.0859034236348894,FALSE,FALSE,TRUE,TRUE,FALSE
"TLR2",TRUE,0.133829867576401,0.19884633704116,0.0650164694647591,FALSE,FALSE,TRUE,TRUE,FALSE
"TNF",TRUE,0.0279887859680272,0.0400214682253493,0.0120326822573221,FALSE,FALSE,TRUE,TRUE,FALSE
"TNFRSF12A",TRUE,0.855992190823265,0.870684972109269,0.0146927812860039,TRUE,TRUE,TRUE,TRUE,FALSE
"TNFRSF1A",TRUE,0.33460471993382,0.427289971764209,0.0926852518303891,FALSE,FALSE,TRUE,TRUE,FALSE
"TNFRSF1B",TRUE,0.0602017170382485,0.087981393970931,0.0277796769326825,FALSE,FALSE,TRUE,TRUE,FALSE
"TNFRSF21",TRUE,0.652546756356034,0.719765161965937,0.0672184056099028,TRUE,TRUE,TRUE,TRUE,FALSE
"ABCA1",TRUE,0.445125020232386,0.524385863846538,0.0792608436141514,FALSE,TRUE,TRUE,TRUE,TRUE
"AKAP12",TRUE,0.328604290255801,0.430706472690517,0.102102182434715,FALSE,FALSE,TRUE,TRUE,FALSE
"BCL2L1",TRUE,0.619239249287468,0.658951042539306,0.0397117932518379,TRUE,TRUE,TRUE,TRUE,FALSE
"BCL6",TRUE,0.245999660564073,0.319272102393418,0.0732724418293451,FALSE,FALSE,TRUE,TRUE,FALSE
"CCND1",TRUE,0.443289230002736,0.50320327105189,0.0599140410491536,FALSE,TRUE,TRUE,TRUE,TRUE
"CCND3",TRUE,0.212103903521451,0.288757866729541,0.07665396320809,FALSE,FALSE,TRUE,TRUE,FALSE
"CDK4",TRUE,0.60613937519376,0.701937667748332,0.0957982925545714,TRUE,TRUE,TRUE,TRUE,FALSE
"CDKN1A",TRUE,0.209649620285857,0.297665082425529,0.0880154621396721,FALSE,FALSE,TRUE,TRUE,FALSE
"CDKN1B",TRUE,0.199301403805121,0.27310919277892,0.0738077889737994,FALSE,FALSE,TRUE,TRUE,FALSE
"CFLAR",TRUE,0.361453127381143,0.460751338969644,0.0992982115885013,FALSE,FALSE,TRUE,TRUE,FALSE
"CISH",TRUE,0.303975911189979,0.400050384515752,0.0960744733257735,FALSE,FALSE,TRUE,TRUE,FALSE
"COPS5",TRUE,0.50981108337899,0.614415184335465,0.104604100956475,TRUE,TRUE,TRUE,TRUE,FALSE
"CXCL8",TRUE,0.58735496052085,0.652112141208496,0.0647571806876455,TRUE,TRUE,TRUE,TRUE,FALSE
"DDIT3",TRUE,0.58341206175371,0.65952952612521,0.0761174643714998,TRUE,TRUE,TRUE,TRUE,FALSE
"DNMT1",TRUE,0.288638197069726,0.399035651591022,0.110397454521296,FALSE,FALSE,TRUE,TRUE,FALSE
"EPAS1",TRUE,0.0867569065961683,0.128936221022225,0.0421793144260572,FALSE,FALSE,TRUE,TRUE,FALSE
"ESR2",TRUE,0.173341168283365,0.152638649011706,-0.0207025192716588,FALSE,FALSE,TRUE,TRUE,FALSE
"ETV6",TRUE,0.303709653057288,0.373182679491796,0.0694730264345086,FALSE,FALSE,TRUE,TRUE,FALSE
"FGG",TRUE,0.952342253414922,0.939871218217263,-0.0124710351976586,TRUE,TRUE,TRUE,TRUE,FALSE
"FGL1",TRUE,0.865555919553939,0.869152254498763,0.00359633494482459,TRUE,TRUE,TRUE,TRUE,FALSE
"FOS",TRUE,0.176819378512631,0.248408074993493,0.0715886964808621,FALSE,FALSE,TRUE,TRUE,FALSE
"GFAP",TRUE,0.638028431311689,0.760655592990922,0.122627161679233,TRUE,TRUE,TRUE,TRUE,FALSE
"GREB1",TRUE,0.700265929700025,0.728934433058402,0.0286685033583766,TRUE,TRUE,TRUE,TRUE,FALSE
"HSPA4",TRUE,0.480599644977346,0.565198166524441,0.0845985215470952,FALSE,TRUE,TRUE,TRUE,TRUE
"HSPB1",TRUE,0.46569779021315,0.562307173709933,0.0966093834967822,FALSE,TRUE,TRUE,TRUE,TRUE
"ICAM1",TRUE,0.305084769407402,0.402443419366865,0.0973586499594627,FALSE,FALSE,TRUE,TRUE,FALSE
"IKBKE",TRUE,0.464311528731478,0.571937932983888,0.10762640425241,FALSE,TRUE,TRUE,TRUE,TRUE
"JAK2",TRUE,0.282965646641612,0.362082437047073,0.0791167904054604,FALSE,FALSE,TRUE,TRUE,FALSE
"JUNB",TRUE,0.0913257710791314,0.136462229442923,0.045136458363792,FALSE,FALSE,TRUE,TRUE,FALSE
"KRT17",TRUE,0.985854205174954,0.898224060820957,-0.0876301443539966,TRUE,TRUE,TRUE,TRUE,FALSE
"LEP",TRUE,NA,NA,NA,NA,NA,FALSE,FALSE,FALSE
"LGALS3BP",TRUE,0.635808509971774,0.711512562807371,0.0757040528355976,TRUE,TRUE,TRUE,TRUE,FALSE
"LTBP1",TRUE,0.197224839984819,0.286176110015458,0.0889512700306383,FALSE,FALSE,TRUE,TRUE,FALSE
"MCL1",TRUE,0.297258583652568,0.381336586076435,0.0840780024238668,FALSE,FALSE,TRUE,TRUE,FALSE
"MDC1",TRUE,0.465247771659959,0.529174632307179,0.0639268606472195,FALSE,TRUE,TRUE,TRUE,TRUE
"MMP1",TRUE,0.82457354312705,0.878072720038998,0.0534991769119488,TRUE,TRUE,TRUE,TRUE,FALSE
"MMP7",TRUE,0.979881879544691,0.949738307099464,-0.0301435724452267,TRUE,TRUE,TRUE,TRUE,FALSE
"MUC1",TRUE,0.982658433159379,0.805234711464013,-0.177423721695367,TRUE,TRUE,TRUE,TRUE,FALSE
"NME1",TRUE,0.679662551209067,0.729381640133271,0.0497190889242042,TRUE,TRUE,TRUE,TRUE,FALSE
"OAS1",TRUE,0.445151324116093,0.548497892779754,0.103346568663661,FALSE,TRUE,TRUE,TRUE,TRUE
"OPRM1",TRUE,NA,NA,NA,NA,NA,FALSE,FALSE,FALSE
"PAX3",TRUE,NA,NA,NA,NA,NA,FALSE,FALSE,FALSE
"PHB",TRUE,0.612682857040667,0.67640832437862,0.0637254673379534,TRUE,TRUE,TRUE,TRUE,FALSE
"POU2F1",TRUE,0.403905242603986,0.480316796133556,0.0764115535295692,FALSE,FALSE,TRUE,TRUE,FALSE
"PPARA",TRUE,0.574961816015067,0.637524749472517,0.06256293345745,TRUE,TRUE,TRUE,TRUE,FALSE
"PRDM1",TRUE,0.0251008886146939,0.0371832126601055,0.0120823240454117,FALSE,FALSE,TRUE,TRUE,FALSE
"PROS1",TRUE,0.561984028502377,0.626822037473943,0.0648380089715662,TRUE,TRUE,TRUE,TRUE,FALSE
"PSMB5",TRUE,0.589117954471825,0.673594432837669,0.0844764783658433,TRUE,TRUE,TRUE,TRUE,FALSE
"PTGS2",TRUE,0.104929748216587,0.171370996700618,0.0664412484840307,FALSE,FALSE,TRUE,TRUE,FALSE
"PTPN6",TRUE,0.183805449628256,0.254421918655065,0.0706164690268095,FALSE,FALSE,TRUE,TRUE,FALSE
"ROR1",TRUE,0.765259008000724,0.675671083927965,-0.089587924072759,TRUE,TRUE,TRUE,TRUE,FALSE
"S100A11",TRUE,0.675818385240057,0.737114571645372,0.0612961864053142,TRUE,TRUE,TRUE,TRUE,FALSE
"S1PR1",TRUE,0.0189259182329623,0.0258541426238771,0.00692822439091482,FALSE,FALSE,TRUE,TRUE,FALSE
"SALL4",TRUE,0.857368649816261,0.803177870865608,-0.054190778950653,TRUE,TRUE,TRUE,TRUE,FALSE
"SHH",TRUE,0.968505352257848,0.857399195353882,-0.111106156903967,TRUE,TRUE,TRUE,TRUE,FALSE
"STK11",TRUE,0.451229620471899,0.502705025786227,0.0514754053143281,FALSE,TRUE,TRUE,TRUE,TRUE
"TIMP1",TRUE,0.281179710679147,0.375681439189249,0.0945017285101021,FALSE,FALSE,TRUE,TRUE,FALSE
"TNFRSF10B",TRUE,0.50731722810626,0.562229592044173,0.0549123639379137,TRUE,TRUE,TRUE,TRUE,FALSE
"TP53",TRUE,0.376965116102439,0.466690309979477,0.0897251938770379,FALSE,FALSE,TRUE,TRUE,FALSE
"TP63",TRUE,0.457600801402454,0.545018500753734,0.0874176993512803,NA,NA,FALSE,FALSE,FALSE
"VDR",TRUE,0.285385413432485,0.367963013326081,0.0825775998935956,FALSE,FALSE,TRUE,TRUE,FALSE
"VEGFA",TRUE,0.875688710740925,0.774786227156334,-0.10090248358459,TRUE,TRUE,TRUE,TRUE,FALSE
"VEGFB",TRUE,0.598421940250562,0.644340753702084,0.0459188134515213,TRUE,TRUE,TRUE,TRUE,FALSE
"ZFP36",TRUE,0.103357413314756,0.155750327202507,0.0523929138877505,FALSE,FALSE,TRUE,TRUE,FALSE
"A2M",TRUE,0.17924052421723,0.234584070499815,0.0553435462825849,FALSE,FALSE,TRUE,TRUE,FALSE
"HMOX1",TRUE,0.242633543804036,0.334713127703784,0.0920795838997482,FALSE,FALSE,TRUE,TRUE,FALSE
"IFNAR1",TRUE,0.352224740934631,0.444910191247185,0.0926854503125541,FALSE,FALSE,TRUE,TRUE,FALSE
"IRF1",TRUE,0.128380236856094,0.175749418849865,0.0473691819937716,FALSE,FALSE,TRUE,TRUE,FALSE
"MYD88",TRUE,0.388055849523586,0.474270847272784,0.0862149977491979,FALSE,FALSE,TRUE,TRUE,FALSE
"PIM1",TRUE,0.132663454250695,0.184966280977192,0.0523028267264964,FALSE,FALSE,TRUE,TRUE,FALSE
"STAT1",TRUE,0.442920639855653,0.518825015759023,0.0759043759033701,FALSE,TRUE,TRUE,TRUE,TRUE
"TYK2",TRUE,0.370863728926674,0.453868969097087,0.0830052401704134,FALSE,FALSE,TRUE,TRUE,FALSE
"BCL2",FALSE,0.218496731477674,0.275803040063948,0.0573063085862734,FALSE,FALSE,TRUE,TRUE,FALSE
"MMP9",FALSE,0.0870755528938867,0.139941248772983,0.052865695879096,FALSE,FALSE,TRUE,TRUE,FALSE
"HGF",FALSE,0.104447339704931,0.156946017078553,0.0524986773736224,FALSE,FALSE,TRUE,TRUE,FALSE
