"variant","cohort","model","n","events","epv","band","fitted","beta","se","HR","meta_eligible","rows_dropped_vs_primary"
"alt_endpoint","TCGA-COAD","M1",455,117,117,"fit_and_pool",TRUE,0.038136,0.09186,1.0389,TRUE,0
"alt_endpoint","TCGA-COAD","M2",455,117,23.4,"fit_and_pool",TRUE,0.046104,0.094846,1.0472,TRUE,0
"alt_endpoint","TCGA-COAD","M3",455,117,19.5,"fit_and_pool",TRUE,0.022932,0.109631,1.0232,TRUE,0
"alt_endpoint","TCGA-COAD","M4",455,117,16.71,"fit_and_pool",TRUE,-0.025769,0.128325,0.9746,TRUE,0
"alt_endpoint","TCGA-READ","M1",165,25,25,"fit_and_pool",TRUE,-0.219597,0.189877,0.8028,TRUE,0
"alt_endpoint","TCGA-READ","M2",165,25,5,"fit_pool_flag_LOO",TRUE,0.057907,0.187654,1.0596,TRUE,0
"alt_endpoint","TCGA-READ","M3",165,25,4.17,"do_not_fit",FALSE,NA,NA,NA,TRUE,0
"alt_endpoint","TCGA-READ","M4",165,25,3.57,"do_not_fit",FALSE,NA,NA,NA,TRUE,0
"alt_endpoint","TCGA-STAD","M1",403,130,130,"fit_and_pool",TRUE,0.089976,0.090492,1.0941,TRUE,3
"alt_endpoint","TCGA-STAD","M2",403,130,26,"fit_and_pool",TRUE,0.065895,0.09249,1.0681,TRUE,3
"alt_endpoint","TCGA-STAD","M3",403,130,21.67,"fit_and_pool",TRUE,0.041162,0.09985,1.042,TRUE,3
"alt_endpoint","TCGA-STAD","M4",403,130,18.57,"fit_and_pool",TRUE,0.039648,0.099867,1.0404,TRUE,3
"alt_endpoint","TCGA-ESCA","M1",184,87,87,"fit_and_pool",TRUE,-0.022068,0.108971,0.9782,TRUE,0
"alt_endpoint","TCGA-ESCA","M2",184,87,17.4,"fit_and_pool",TRUE,0.079081,0.110415,1.0823,TRUE,0
"alt_endpoint","TCGA-ESCA","M3",184,87,14.5,"fit_and_pool",TRUE,0.124189,0.125207,1.1322,TRUE,0
"alt_endpoint","TCGA-ESCA","M4",184,87,12.43,"fit_and_pool",TRUE,0.088963,0.128255,1.093,TRUE,0
"alt_endpoint","TCGA-PAAD","M1",178,104,104,"fit_and_pool",TRUE,0.268797,0.116596,1.3084,TRUE,0
"alt_endpoint","TCGA-PAAD","M2",178,104,20.8,"fit_and_pool",TRUE,0.24213,0.117864,1.274,TRUE,0
"alt_endpoint","TCGA-PAAD","M3",178,104,17.33,"fit_and_pool",TRUE,0.337466,0.158132,1.4014,TRUE,0
"alt_endpoint","TCGA-PAAD","M4",178,104,14.86,"fit_and_pool",TRUE,0.317022,0.160614,1.373,TRUE,0
"alt_endpoint","TCGA-LIHC","M1",370,178,178,"fit_and_pool",TRUE,0.100641,0.07972,1.1059,TRUE,0
"alt_endpoint","TCGA-LIHC","M2",370,178,35.6,"fit_and_pool",TRUE,0.047953,0.081768,1.0491,TRUE,0
"alt_endpoint","TCGA-LIHC","M3",370,178,29.67,"fit_and_pool",TRUE,0.087504,0.092427,1.0914,TRUE,0
"alt_endpoint","TCGA-LIHC","M4",370,178,25.43,"fit_and_pool",TRUE,0.157485,0.094413,1.1706,TRUE,0
"alt_endpoint","TCGA-CHOL","M1",35,20,20,"fit_and_pool",TRUE,-0.382076,0.231324,0.6824,FALSE,0
"alt_endpoint","TCGA-CHOL","M2",35,20,4,"do_not_fit",FALSE,NA,NA,NA,FALSE,0
"alt_endpoint","TCGA-CHOL","M3",35,20,3.33,"do_not_fit",FALSE,NA,NA,NA,FALSE,0
"alt_endpoint","TCGA-CHOL","M4",35,20,2.86,"do_not_fit",FALSE,NA,NA,NA,FALSE,0
"estimate_purity","TCGA-COAD","M1",455,102,102,"fit_and_pool",TRUE,0.005159,0.094338,1.0052,TRUE,0
"estimate_purity","TCGA-COAD","M2",455,102,20.4,"fit_and_pool",TRUE,0.004596,0.098124,1.0046,TRUE,0
"estimate_purity","TCGA-COAD","M3",455,102,17,"fit_and_pool",TRUE,-0.098307,0.139654,0.9064,TRUE,0
"estimate_purity","TCGA-COAD","M4",455,102,14.57,"fit_and_pool",TRUE,-0.096707,0.140525,0.9078,TRUE,0
"estimate_purity","TCGA-READ","M1",165,36,36,"fit_and_pool",TRUE,-0.035099,0.166886,0.9655,TRUE,0
"estimate_purity","TCGA-READ","M2",165,36,7.2,"fit_pool_flag_LOO",TRUE,-0.045714,0.157689,0.9553,TRUE,0
"estimate_purity","TCGA-READ","M3",165,36,6,"fit_pool_flag_LOO",TRUE,0.058113,0.22183,1.0598,TRUE,0
"estimate_purity","TCGA-READ","M4",165,36,5.14,"fit_pool_flag_LOO",TRUE,-0.004316,0.219573,0.9957,TRUE,0
"estimate_purity","TCGA-STAD","M1",403,157,157,"fit_and_pool",TRUE,0.113122,0.08345,1.1198,TRUE,3
"estimate_purity","TCGA-STAD","M2",403,157,31.4,"fit_and_pool",TRUE,0.075526,0.085496,1.0785,TRUE,3
"estimate_purity","TCGA-STAD","M3",403,157,26.17,"fit_and_pool",TRUE,0.012236,0.092029,1.0123,TRUE,3
"estimate_purity","TCGA-STAD","M4",403,157,22.43,"fit_and_pool",TRUE,0.008397,0.092021,1.0084,TRUE,3
"estimate_purity","TCGA-ESCA","M1",184,77,77,"fit_and_pool",TRUE,0.054184,0.115658,1.0557,TRUE,0
"estimate_purity","TCGA-ESCA","M2",184,77,15.4,"fit_and_pool",TRUE,0.146456,0.118195,1.1577,TRUE,0
"estimate_purity","TCGA-ESCA","M3",184,77,12.83,"fit_and_pool",TRUE,0.211618,0.136952,1.2357,TRUE,0
"estimate_purity","TCGA-ESCA","M4",184,77,11,"fit_and_pool",TRUE,0.207848,0.13923,1.231,TRUE,0
"estimate_purity","TCGA-PAAD","M1",178,93,93,"fit_and_pool",TRUE,0.276873,0.117908,1.319,TRUE,0
"estimate_purity","TCGA-PAAD","M2",178,93,18.6,"fit_and_pool",TRUE,0.275399,0.121129,1.3171,TRUE,0
"estimate_purity","TCGA-PAAD","M3",178,93,15.5,"fit_and_pool",TRUE,0.457845,0.169187,1.5807,TRUE,0
"estimate_purity","TCGA-PAAD","M4",178,93,13.29,"fit_and_pool",TRUE,0.411072,0.173273,1.5084,TRUE,0
"estimate_purity","TCGA-LIHC","M1",370,130,130,"fit_and_pool",TRUE,0.233098,0.088456,1.2625,TRUE,0
"estimate_purity","TCGA-LIHC","M2",370,130,26,"fit_and_pool",TRUE,0.233928,0.090408,1.2636,TRUE,0
"estimate_purity","TCGA-LIHC","M3",370,130,21.67,"fit_and_pool",TRUE,0.384326,0.108714,1.4686,TRUE,0
"estimate_purity","TCGA-LIHC","M4",370,130,18.57,"fit_and_pool",TRUE,0.372409,0.108501,1.4512,TRUE,0
"estimate_purity","TCGA-CHOL","M1",35,18,18,"fit_and_pool",TRUE,-0.160616,0.216782,0.8516,FALSE,0
"estimate_purity","TCGA-CHOL","M2",35,18,3.6,"do_not_fit",FALSE,NA,NA,NA,FALSE,0
"estimate_purity","TCGA-CHOL","M3",35,18,3,"do_not_fit",FALSE,NA,NA,NA,FALSE,0
"estimate_purity","TCGA-CHOL","M4",35,18,2.57,"do_not_fit",FALSE,NA,NA,NA,FALSE,0
"score_143","TCGA-COAD","M1",455,102,102,"fit_and_pool",TRUE,0.006945,0.094232,1.007,TRUE,0
"score_143","TCGA-COAD","M2",455,102,20.4,"fit_and_pool",TRUE,0.005989,0.098048,1.006,TRUE,0
"score_143","TCGA-COAD","M3",455,102,17,"fit_and_pool",TRUE,-0.018229,0.119487,0.9819,TRUE,0
"score_143","TCGA-COAD","M4",455,102,14.57,"fit_and_pool",TRUE,-0.071156,0.139449,0.9313,TRUE,0
"score_143","TCGA-READ","M1",165,36,36,"fit_and_pool",TRUE,-0.0327,0.167248,0.9678,TRUE,0
"score_143","TCGA-READ","M2",165,36,7.2,"fit_pool_flag_LOO",TRUE,-0.043738,0.158099,0.9572,TRUE,0
"score_143","TCGA-READ","M3",165,36,6,"fit_pool_flag_LOO",TRUE,0.021371,0.189661,1.0216,TRUE,0
"score_143","TCGA-READ","M4",165,36,5.14,"fit_pool_flag_LOO",TRUE,-0.016568,0.225952,0.9836,TRUE,0
"score_143","TCGA-STAD","M1",403,157,157,"fit_and_pool",TRUE,0.11646,0.083467,1.1235,TRUE,3
"score_143","TCGA-STAD","M2",403,157,31.4,"fit_and_pool",TRUE,0.078512,0.085431,1.0817,TRUE,3
"score_143","TCGA-STAD","M3",403,157,26.17,"fit_and_pool",TRUE,0.011475,0.092905,1.0115,TRUE,3
"score_143","TCGA-STAD","M4",403,157,22.43,"fit_and_pool",TRUE,0.007965,0.092864,1.008,TRUE,3
"score_143","TCGA-ESCA","M1",184,77,77,"fit_and_pool",TRUE,0.059789,0.115644,1.0616,TRUE,0
"score_143","TCGA-ESCA","M2",184,77,15.4,"fit_and_pool",TRUE,0.143674,0.117338,1.1545,TRUE,0
"score_143","TCGA-ESCA","M3",184,77,12.83,"fit_and_pool",TRUE,0.21581,0.138421,1.2409,TRUE,0
"score_143","TCGA-ESCA","M4",184,77,11,"fit_and_pool",TRUE,0.212015,0.140631,1.2362,TRUE,0
"score_143","TCGA-PAAD","M1",178,93,93,"fit_and_pool",TRUE,0.265721,0.116638,1.3044,TRUE,0
"score_143","TCGA-PAAD","M2",178,93,18.6,"fit_and_pool",TRUE,0.263824,0.119646,1.3019,TRUE,0
"score_143","TCGA-PAAD","M3",178,93,15.5,"fit_and_pool",TRUE,0.449084,0.170089,1.5669,TRUE,0
"score_143","TCGA-PAAD","M4",178,93,13.29,"fit_and_pool",TRUE,0.402312,0.174224,1.4953,TRUE,0
"score_143","TCGA-LIHC","M1",370,130,130,"fit_and_pool",TRUE,0.228158,0.088064,1.2563,TRUE,0
"score_143","TCGA-LIHC","M2",370,130,26,"fit_and_pool",TRUE,0.230697,0.090107,1.2595,TRUE,0
"score_143","TCGA-LIHC","M3",370,130,21.67,"fit_and_pool",TRUE,0.321152,0.105091,1.3787,TRUE,0
"score_143","TCGA-LIHC","M4",370,130,18.57,"fit_and_pool",TRUE,0.365582,0.107292,1.4414,TRUE,0
"score_143","TCGA-CHOL","M1",35,18,18,"fit_and_pool",TRUE,-0.162334,0.216051,0.8502,FALSE,0
"score_143","TCGA-CHOL","M2",35,18,3.6,"do_not_fit",FALSE,NA,NA,NA,FALSE,0
"score_143","TCGA-CHOL","M3",35,18,3,"do_not_fit",FALSE,NA,NA,NA,FALSE,0
"score_143","TCGA-CHOL","M4",35,18,2.57,"do_not_fit",FALSE,NA,NA,NA,FALSE,0
"no_redacted","TCGA-COAD","M1",455,102,102,"fit_and_pool",TRUE,0.005159,0.094338,1.0052,TRUE,0
"no_redacted","TCGA-COAD","M2",455,102,20.4,"fit_and_pool",TRUE,0.004596,0.098124,1.0046,TRUE,0
"no_redacted","TCGA-COAD","M3",455,102,17,"fit_and_pool",TRUE,-0.019686,0.118769,0.9805,TRUE,0
"no_redacted","TCGA-COAD","M4",455,102,14.57,"fit_and_pool",TRUE,-0.071333,0.137779,0.9312,TRUE,0
"no_redacted","TCGA-READ","M1",165,36,36,"fit_and_pool",TRUE,-0.035099,0.166886,0.9655,TRUE,0
"no_redacted","TCGA-READ","M2",165,36,7.2,"fit_pool_flag_LOO",TRUE,-0.045714,0.157689,0.9553,TRUE,0
"no_redacted","TCGA-READ","M3",165,36,6,"fit_pool_flag_LOO",TRUE,0.016465,0.18771,1.0166,TRUE,0
"no_redacted","TCGA-READ","M4",165,36,5.14,"fit_pool_flag_LOO",TRUE,-0.022076,0.221829,0.9782,TRUE,0
"no_redacted","TCGA-STAD","M1",403,157,157,"fit_and_pool",TRUE,0.113122,0.08345,1.1198,TRUE,3
"no_redacted","TCGA-STAD","M2",403,157,31.4,"fit_and_pool",TRUE,0.075526,0.085496,1.0785,TRUE,3
"no_redacted","TCGA-STAD","M3",403,157,26.17,"fit_and_pool",TRUE,0.012236,0.092029,1.0123,TRUE,3
"no_redacted","TCGA-STAD","M4",403,157,22.43,"fit_and_pool",TRUE,0.008397,0.092021,1.0084,TRUE,3
"no_redacted","TCGA-ESCA","M1",184,77,77,"fit_and_pool",TRUE,0.054184,0.115658,1.0557,TRUE,0
"no_redacted","TCGA-ESCA","M2",184,77,15.4,"fit_and_pool",TRUE,0.146456,0.118195,1.1577,TRUE,0
"no_redacted","TCGA-ESCA","M3",184,77,12.83,"fit_and_pool",TRUE,0.211618,0.136952,1.2357,TRUE,0
"no_redacted","TCGA-ESCA","M4",184,77,11,"fit_and_pool",TRUE,0.207848,0.13923,1.231,TRUE,0
"no_redacted","TCGA-PAAD","M1",178,93,93,"fit_and_pool",TRUE,0.276873,0.117908,1.319,TRUE,0
"no_redacted","TCGA-PAAD","M2",178,93,18.6,"fit_and_pool",TRUE,0.275399,0.121129,1.3171,TRUE,0
"no_redacted","TCGA-PAAD","M3",178,93,15.5,"fit_and_pool",TRUE,0.457845,0.169187,1.5807,TRUE,0
"no_redacted","TCGA-PAAD","M4",178,93,13.29,"fit_and_pool",TRUE,0.411072,0.173273,1.5084,TRUE,0
"no_redacted","TCGA-LIHC","M1",369,129,129,"fit_and_pool",TRUE,0.234667,0.088626,1.2645,TRUE,1
"no_redacted","TCGA-LIHC","M2",369,129,25.8,"fit_and_pool",TRUE,0.231794,0.090487,1.2609,TRUE,1
"no_redacted","TCGA-LIHC","M3",369,129,21.5,"fit_and_pool",TRUE,0.318943,0.104758,1.3757,TRUE,1
"no_redacted","TCGA-LIHC","M4",369,129,18.43,"fit_and_pool",TRUE,0.360243,0.106834,1.4337,TRUE,1
"no_redacted","TCGA-CHOL","M1",35,18,18,"fit_and_pool",TRUE,-0.160616,0.216782,0.8516,FALSE,0
"no_redacted","TCGA-CHOL","M2",35,18,3.6,"do_not_fit",FALSE,NA,NA,NA,FALSE,0
"no_redacted","TCGA-CHOL","M3",35,18,3,"do_not_fit",FALSE,NA,NA,NA,FALSE,0
"no_redacted","TCGA-CHOL","M4",35,18,2.57,"do_not_fit",FALSE,NA,NA,NA,FALSE,0
