gene,origin_score,via_A_hallmark,criterion_B_human,route_human,n_independent_human,n_independent_incl_mouse,ENCODE_ChIP-seq,ReMap_ChIP-seq,Literature_ChIP-seq_human,Literature_ChIP-seq_mouse,TRRUST_v2_curated
MYC,True,False,True,B_only,3,4,True,True,False,True,True
IL6,True,True,True,both,3,3,True,False,True,False,True
SOCS3,True,True,True,both,3,4,True,True,False,True,True
BCL2,True,False,False,neither,1,1,False,False,False,False,True
HGF,True,False,False,neither,1,2,False,False,False,True,True
MMP9,True,False,False,neither,1,2,False,False,False,True,True
ACVR1B,False,True,False,A_only,0,1,False,False,False,True,False
ACVRL1,False,True,False,A_only,0,1,False,False,False,True,False
BAK1,False,True,False,A_only,1,1,True,False,False,False,False
CBL,False,True,False,A_only,0,0,False,False,False,False,False
CCL7,False,True,False,A_only,0,0,False,False,False,False,False
CD14,False,True,False,A_only,1,2,False,True,False,True,False
CD36,False,True,False,A_only,1,1,False,False,True,False,False
CD38,False,True,False,A_only,1,1,False,False,True,False,False
CD44,False,True,False,A_only,1,2,False,True,False,True,False
CNTFR,False,True,False,A_only,0,0,False,False,False,False,False
CRLF2,False,True,False,A_only,1,1,True,False,False,False,False
CSF1,False,True,False,A_only,1,2,True,False,False,True,False
CSF2,False,True,False,A_only,1,2,True,False,False,True,False
CSF2RA,False,True,False,A_only,1,1,True,False,False,False,False
CSF2RB,False,True,False,A_only,0,0,False,False,False,False,False
CSF3R,False,True,False,A_only,0,1,False,False,False,True,False
CXCL1,False,True,False,A_only,1,1,True,False,False,False,False
CXCL10,False,True,False,A_only,0,0,False,False,False,False,False
CXCL11,False,True,False,A_only,1,1,True,False,False,False,False
CXCL13,False,True,False,A_only,0,0,False,False,False,False,False
CXCL3,False,True,False,A_only,1,1,True,False,False,False,False
CXCL9,False,True,False,A_only,0,0,False,False,False,False,False
DNTT,False,True,False,A_only,0,0,False,False,False,False,False
EBI3,False,True,False,A_only,1,1,True,False,False,False,False
FAS,False,True,False,A_only,1,2,False,False,False,True,True
GRB2,False,True,False,A_only,0,1,False,False,False,True,False
HAX1,False,True,False,A_only,1,1,True,False,False,False,False
IFNGR2,False,True,False,A_only,1,2,False,True,False,True,False
IL10RB,False,True,False,A_only,1,2,True,False,False,True,False
IL12RB1,False,True,False,A_only,0,1,False,False,False,True,False
IL15RA,False,True,False,A_only,0,0,False,False,False,False,False
IL17RA,False,True,False,A_only,0,0,False,False,False,False,False
IL17RB,False,True,False,A_only,1,1,True,False,False,False,False
IL18R1,False,True,False,A_only,0,0,False,False,False,False,False
IL1R1,False,True,False,A_only,0,0,False,False,False,False,False
IL1R2,False,True,False,A_only,1,2,True,False,False,True,False
IL2RA,False,True,False,A_only,1,2,False,False,False,True,True
IL2RG,False,True,False,A_only,0,0,False,False,False,False,False
IL3RA,False,True,False,A_only,1,1,True,False,False,False,False
IL6ST,False,True,False,A_only,1,2,True,False,False,True,False
IL7,False,True,False,A_only,1,2,True,False,False,True,False
IL9R,False,True,False,A_only,0,0,False,False,False,False,False
INHBE,False,True,False,A_only,0,0,False,False,False,False,False
ITGB3,False,True,False,A_only,1,1,False,False,True,False,False
LEPR,False,True,False,A_only,1,1,False,False,True,False,False
LTB,False,True,False,A_only,0,0,False,False,False,False,False
OSMR,False,True,False,A_only,1,1,True,False,False,False,False
PDGFC,False,True,False,A_only,1,2,False,False,True,True,False
PF4,False,True,False,A_only,0,0,False,False,False,False,False
PIK3R5,False,True,False,A_only,0,1,False,False,False,True,False
PLA2G2A,False,True,False,A_only,0,0,False,False,False,False,False
PTPN11,False,True,False,A_only,1,2,True,False,False,True,False
REG1A,False,True,False,A_only,0,0,False,False,False,False,False
SOCS1,False,True,False,A_only,1,1,False,False,False,False,True
STAM2,False,True,False,A_only,1,1,True,False,False,False,False
STAT2,False,True,False,A_only,1,2,True,False,False,True,False
TGFB1,False,True,False,A_only,1,1,False,False,False,False,True
TLR2,False,True,False,A_only,0,0,False,False,False,False,False
TNF,False,True,False,A_only,0,0,False,False,False,False,False
TNFRSF12A,False,True,False,A_only,1,1,False,True,False,False,False
TNFRSF1B,False,True,False,A_only,1,1,False,True,False,False,False
AAK1,False,False,True,B_only,2,2,True,False,True,False,False
AASS,False,False,True,B_only,2,2,True,False,True,False,False
ABCA1,False,False,True,B_only,2,2,False,False,True,False,True
ABCA11P,False,False,True,B_only,2,2,True,False,True,False,False
ABCA13,False,False,True,B_only,2,3,True,False,True,True,False
ABCD2,False,False,True,B_only,2,2,True,False,True,False,False
ABCD4,False,False,True,B_only,2,2,True,False,True,False,False
ABHD2,False,False,True,B_only,2,2,True,False,True,False,False
ABHD5,False,False,True,B_only,2,2,True,False,True,False,False
ABHD8,False,False,True,B_only,2,2,True,True,False,False,False
ABI3BP,False,False,True,B_only,2,2,True,False,True,False,False
ABLIM1,False,False,True,B_only,3,4,True,True,True,True,False
ACACA,False,False,True,B_only,2,2,True,False,True,False,False
ACAP1,False,False,True,B_only,2,2,True,True,False,False,False
ACO1,False,False,True,B_only,2,2,True,False,True,False,False
ACOT9,False,False,True,B_only,2,2,True,True,False,False,False
ACSS2,False,False,True,B_only,2,2,True,False,True,False,False
ACTB,False,False,True,B_only,2,3,True,True,False,True,False
ACTG1,False,False,True,B_only,2,2,True,True,False,False,False
ACTR3,False,False,True,B_only,2,3,True,True,False,True,False
ACTRT3,False,False,True,B_only,2,2,True,True,False,False,False
ACVR2A,False,False,True,B_only,2,3,True,False,True,True,False
ADAMTS6,False,False,True,B_only,2,2,True,False,True,False,False
ADAR,False,False,True,B_only,2,2,True,False,True,False,False
ADGRF4,False,False,True,B_only,2,2,True,False,True,False,False
ADGRG6,False,False,True,B_only,2,2,True,False,True,False,False
ADM,False,False,True,B_only,2,3,False,True,True,True,False
ADM2,False,False,True,B_only,2,3,True,False,True,True,False
ADNP2,False,False,True,B_only,2,2,True,False,True,False,False
AEN,False,False,True,B_only,2,3,True,True,False,True,False
AGFG1,False,False,True,B_only,2,3,True,False,True,True,False
AGTPBP1,False,False,True,B_only,2,3,True,False,True,True,False
AHCYL1,False,False,True,B_only,2,2,True,False,True,False,False
AHCYL2,False,False,True,B_only,2,3,True,False,True,True,False
AHI1,False,False,True,B_only,2,3,True,False,True,True,False
AHNAK2,False,False,True,B_only,2,2,True,False,True,False,False
AIG1,False,False,True,B_only,2,3,True,False,True,True,False
AIMP2,False,False,True,B_only,2,2,True,False,True,False,False
AKAP12,False,False,True,B_only,2,2,False,False,True,False,True
AKIRIN1,False,False,True,B_only,2,2,True,False,True,False,False
AKT1S1,False,False,True,B_only,2,2,True,True,False,False,False
ALCAM,False,False,True,B_only,2,3,False,True,True,True,False
ALDH16A1,False,False,True,B_only,2,2,True,True,False,False,False
ALG10,False,False,True,B_only,2,2,True,False,True,False,False
ALG14,False,False,True,B_only,2,3,True,False,True,True,False
ALKBH3,False,False,True,B_only,2,2,True,False,True,False,False
ALOXE3,False,False,True,B_only,2,2,True,True,False,False,False
AMD1,False,False,True,B_only,2,2,True,False,True,False,False
AMIGO2,False,False,True,B_only,2,2,True,False,True,False,False
AMPD3,False,False,True,B_only,2,3,False,True,True,True,False
ANK2,False,False,True,B_only,2,2,True,False,True,False,False
ANKHD1-EIF4EBP3,False,False,True,B_only,2,2,True,False,True,False,False
ANKRD13C,False,False,True,B_only,2,2,True,False,True,False,False
ANKRD17,False,False,True,B_only,2,3,True,False,True,True,False
ANO8,False,False,True,B_only,2,2,True,True,False,False,False
ANXA1,False,False,True,B_only,3,3,True,True,True,False,False
ANXA4,False,False,True,B_only,2,3,True,False,True,True,False
AP2B1,False,False,True,B_only,2,2,True,False,True,False,False
AP4E1,False,False,True,B_only,2,2,True,False,True,False,False
AP5M1,False,False,True,B_only,2,2,True,False,True,False,False
APBA3,False,False,True,B_only,2,2,True,True,False,False,False
APBB2,False,False,True,B_only,2,3,True,False,True,True,False
API5,False,False,True,B_only,2,3,True,False,True,True,False
APTX,False,False,True,B_only,2,2,True,False,True,False,False
ARFRP1,False,False,True,B_only,2,2,True,True,False,False,False
ARGLU1,False,False,True,B_only,2,2,True,False,True,False,False
ARHGAP11B,False,False,True,B_only,2,2,True,False,True,False,False
ARHGAP15,False,False,True,B_only,2,3,True,False,True,True,False
ARHGAP18,False,False,True,B_only,2,2,True,False,True,False,False
ARHGAP24,False,False,True,B_only,2,3,True,False,True,True,False
ARHGDIA,False,False,True,B_only,2,2,True,True,False,False,False
ARHGEF18,False,False,True,B_only,2,3,True,False,True,True,False
ARID5B,False,False,True,B_only,2,3,True,False,True,True,False
ARIH1,False,False,True,B_only,2,3,True,False,True,True,False
ARL13B,False,False,True,B_only,2,3,True,False,True,True,False
ARL15,False,False,True,B_only,2,3,True,False,True,True,False
ARL6IP1,False,False,True,B_only,2,3,True,False,True,True,False
ARNTL2,False,False,True,B_only,2,2,True,False,True,False,False
ARPC5L,False,False,True,B_only,2,2,True,True,False,False,False
ASAH1,False,False,True,B_only,2,2,True,False,True,False,False
ASNA1,False,False,True,B_only,2,3,True,True,False,True,False
ASNS,False,False,True,B_only,2,3,True,False,True,True,False
ASNSD1,False,False,True,B_only,2,2,True,False,True,False,False
ASPH,False,False,True,B_only,2,3,True,False,True,True,False
ASXL1,False,False,True,B_only,3,4,True,True,True,True,False
ATAD2B,False,False,True,B_only,2,2,True,False,True,False,False
ATE1,False,False,True,B_only,2,2,True,False,True,False,False
ATG13,False,False,True,B_only,2,2,True,False,True,False,False
ATG4C,False,False,True,B_only,2,2,True,False,True,False,False
ATG7,False,False,True,B_only,2,2,True,False,True,False,False
ATL2,False,False,True,B_only,2,3,True,False,True,True,False
ATN1,False,False,True,B_only,2,2,True,True,False,False,False
ATP13A1,False,False,True,B_only,2,2,True,True,False,False,False
ATP2B4,False,False,True,B_only,2,3,True,True,False,True,False
ATR,False,False,True,B_only,2,2,True,False,True,False,False
ATXN1,False,False,True,B_only,2,2,True,True,False,False,False
B3GAT3,False,False,True,B_only,2,2,True,True,False,False,False
B4GALT1,False,False,True,B_only,3,3,True,True,True,False,False
B4GALT3,False,False,True,B_only,2,2,True,True,False,False,False
BACH2,False,False,True,B_only,2,3,True,False,True,True,False
BAG2,False,False,True,B_only,2,2,True,False,True,False,False
BARD1,False,False,True,B_only,2,2,True,False,True,False,False
BAZ2B,False,False,True,B_only,2,3,True,False,True,True,False
BBC3,False,False,True,B_only,2,2,False,True,True,False,False
BBS1,False,False,True,B_only,2,2,True,False,True,False,False
BBS2,False,False,True,B_only,2,2,True,False,True,False,False
BBX,False,False,True,B_only,2,2,True,False,True,False,False
BCAS3,False,False,True,B_only,2,2,True,False,True,False,False
BCL2A1,False,False,True,B_only,2,2,True,True,False,False,False
BCL2L1,False,False,True,B_only,3,4,True,False,True,True,True
BCL3,False,False,True,B_only,2,3,True,True,False,True,False
BCL6,False,False,True,B_only,4,5,True,True,True,True,True
BCL9L,False,False,True,B_only,2,2,True,True,False,False,False
BDKRB1,False,False,True,B_only,2,2,True,True,False,False,False
BDNF-AS,False,False,True,B_only,2,2,True,False,True,False,False
BEST1,False,False,True,B_only,3,3,True,True,True,False,False
BET1,False,False,True,B_only,2,2,True,False,True,False,False
BHLHE40,False,False,True,B_only,3,4,True,True,True,True,False
BICD1,False,False,True,B_only,2,2,True,False,True,False,False
BIN1,False,False,True,B_only,2,2,True,False,True,False,False
BIRC6,False,False,True,B_only,2,2,True,False,True,False,False
BMF,False,False,True,B_only,3,4,True,True,True,True,False
BORCS5,False,False,True,B_only,2,2,True,False,True,False,False
BTBD19,False,False,True,B_only,2,2,True,True,False,False,False
BTF3,False,False,True,B_only,2,2,True,False,True,False,False
BTG1,False,False,True,B_only,2,3,True,True,False,True,False
BTG2,False,False,True,B_only,2,3,True,True,False,True,False
C1D,False,False,True,B_only,2,3,True,False,True,True,False
C1GALT1,False,False,True,B_only,2,2,True,False,True,False,False
C2CD4A,False,False,True,B_only,2,2,True,True,False,False,False
C2CD5,False,False,True,B_only,2,2,True,False,True,False,False
C3,False,False,True,B_only,2,2,True,True,False,False,False
CAB39,False,False,True,B_only,2,2,True,False,True,False,False
CABLES2,False,False,True,B_only,2,3,True,False,True,True,False
CACNA2D1,False,False,True,B_only,2,2,True,False,True,False,False
CALD1,False,False,True,B_only,2,2,True,False,True,False,False
CALM1,False,False,True,B_only,2,3,True,False,True,True,False
CAMKK1,False,False,True,B_only,2,2,True,False,True,False,False
CANT1,False,False,True,B_only,3,3,True,True,True,False,False
CAP1,False,False,True,B_only,2,3,True,False,True,True,False
CAPN2,False,False,True,B_only,2,3,True,False,True,True,False
CAPNS1,False,False,True,B_only,2,2,True,True,False,False,False
CARD6,False,False,True,B_only,2,2,True,False,True,False,False
CARS2,False,False,True,B_only,2,2,True,True,False,False,False
CASC4,False,False,True,B_only,2,2,True,False,True,False,False
CASP8,False,False,True,B_only,3,4,True,True,True,True,False
CASZ1,False,False,True,B_only,2,3,True,False,True,True,False
CATSPERG,False,False,True,B_only,2,2,True,True,False,False,False
CAV1,False,False,True,B_only,2,2,True,False,True,False,False
CBLC,False,False,True,B_only,2,2,True,True,False,False,False
CBX8,False,False,True,B_only,2,2,True,True,False,False,False
CCDC102B,False,False,True,B_only,2,2,True,False,True,False,False
CCDC103,False,False,True,B_only,2,2,True,True,False,False,False
CCDC12,False,False,True,B_only,2,2,True,False,True,False,False
CCDC14,False,False,True,B_only,2,2,True,False,True,False,False
CCDC191,False,False,True,B_only,2,2,True,False,True,False,False
CCDC57,False,False,True,B_only,2,2,False,True,True,False,False
CCDC85B,False,False,True,B_only,2,2,True,True,False,False,False
CCM2,False,False,True,B_only,2,2,False,True,True,False,False
CCND1,False,False,True,B_only,2,2,True,False,False,False,True
CCND3,False,False,True,B_only,2,2,True,False,False,False,True
CCNL1,False,False,True,B_only,3,4,True,True,True,True,False
CCP110,False,False,True,B_only,2,2,True,False,True,False,False
CCT5,False,False,True,B_only,2,2,True,False,True,False,False
CCT6B,False,False,True,B_only,2,2,True,False,True,False,False
CCT6P1,False,False,True,B_only,2,2,True,False,True,False,False
CD109,False,False,True,B_only,2,2,True,False,True,False,False
CD248,False,False,True,B_only,2,2,True,True,False,False,False
CD274,False,False,True,B_only,3,3,True,True,True,False,False
CD37,False,False,True,B_only,2,2,True,True,False,False,False
CD3EAP,False,False,True,B_only,2,2,True,True,False,False,False
CD55,False,False,True,B_only,2,2,True,True,False,False,False
CD68,False,False,True,B_only,2,2,True,True,False,False,False
CD7,False,False,True,B_only,2,2,False,True,True,False,False
CD70,False,False,True,B_only,2,2,True,True,False,False,False
CD79A,False,False,True,B_only,2,2,True,True,False,False,False
CDC37,False,False,True,B_only,2,2,True,True,False,False,False
CDC42BPG,False,False,True,B_only,2,3,True,True,False,True,False
CDC5L,False,False,True,B_only,2,2,True,False,True,False,False
CDCA7,False,False,True,B_only,2,3,True,False,True,True,False
CDHR2,False,False,True,B_only,2,2,False,True,True,False,False
CDK16,False,False,True,B_only,2,2,True,True,False,False,False
CDK20,False,False,True,B_only,2,2,True,False,True,False,False
CDK4,False,False,True,B_only,3,3,True,True,False,False,True
CDK5RAP2,False,False,True,B_only,2,2,True,False,True,False,False
CDK7,False,False,True,B_only,2,3,True,False,True,True,False
CDKN1A,False,False,True,B_only,2,3,False,True,False,True,True
CDKN1B,False,False,True,B_only,2,2,False,True,False,False,True
CDKN2C,False,False,True,B_only,2,3,True,False,True,True,False
CEACAM1,False,False,True,B_only,2,2,True,False,True,False,False
CEBPZ,False,False,True,B_only,2,2,True,False,True,False,False
CENPH,False,False,True,B_only,2,2,True,False,True,False,False
CENPK,False,False,True,B_only,2,2,True,False,True,False,False
CEP152,False,False,True,B_only,2,2,True,False,True,False,False
CEP350,False,False,True,B_only,2,2,True,False,True,False,False
CEP89,False,False,True,B_only,2,2,True,False,True,False,False
CETN3,False,False,True,B_only,2,2,True,False,True,False,False
CFAP58,False,False,True,B_only,3,3,True,True,True,False,False
CFDP1,False,False,True,B_only,2,2,True,False,True,False,False
CFL1,False,False,True,B_only,2,2,True,True,False,False,False
CFLAR,False,False,True,B_only,3,3,True,True,False,False,True
CHCHD3,False,False,True,B_only,2,2,True,False,True,False,False
CHD2,False,False,True,B_only,3,4,True,True,True,True,False
CHD4,False,False,True,B_only,2,2,True,False,True,False,False
CHD6,False,False,True,B_only,2,3,True,False,True,True,False
CHN2,False,False,True,B_only,2,3,True,False,True,True,False
CIITA,False,False,True,B_only,2,2,True,False,True,False,False
CIRBP,False,False,True,B_only,2,2,True,True,False,False,False
CISH,False,False,True,B_only,2,2,True,False,False,False,True
CITED2,False,False,True,B_only,2,3,True,True,False,True,False
CITED4,False,False,True,B_only,2,2,True,True,False,False,False
CKS1B,False,False,True,B_only,2,2,True,True,False,False,False
CLCF1,False,False,True,B_only,2,2,True,True,False,False,False
CLDND1,False,False,True,B_only,2,2,True,False,True,False,False
CLEC16A,False,False,True,B_only,2,2,True,False,True,False,False
CLIP1,False,False,True,B_only,2,2,True,True,False,False,False
CLNS1A,False,False,True,B_only,2,2,True,False,True,False,False
CLSTN1,False,False,True,B_only,2,2,True,False,True,False,False
CLTC,False,False,True,B_only,2,3,True,False,True,True,False
CLU,False,False,True,B_only,2,2,True,False,True,False,False
CNBP,False,False,True,B_only,2,2,True,False,True,False,False
CNGB3,False,False,True,B_only,2,2,True,False,True,False,False
CNTNAP1,False,False,True,B_only,2,2,True,True,False,False,False
COG3,False,False,True,B_only,2,2,True,False,True,False,False
COG6,False,False,True,B_only,2,2,True,False,True,False,False
COL13A1,False,False,True,B_only,2,3,True,False,True,True,False
COL4A3BP,False,False,True,B_only,2,2,True,False,True,False,False
COPS2,False,False,True,B_only,2,2,True,False,True,False,False
COPS5,False,False,True,B_only,2,2,True,False,False,False,True
COPZ2,False,False,True,B_only,2,2,False,True,True,False,False
COQ8B,False,False,True,B_only,2,2,True,True,False,False,False
CPEB3,False,False,True,B_only,2,2,True,False,True,False,False
CPNE1,False,False,True,B_only,2,2,True,False,True,False,False
CPNE8,False,False,True,B_only,2,3,True,False,True,True,False
CPPED1,False,False,True,B_only,2,2,True,False,True,False,False
CPSF1,False,False,True,B_only,2,2,True,True,False,False,False
CREB3L2,False,False,True,B_only,2,3,True,False,True,True,False
CREB3L4,False,False,True,B_only,2,2,True,True,False,False,False
CREBL2,False,False,True,B_only,2,2,True,False,True,False,False
CRTC2,False,False,True,B_only,2,2,True,True,False,False,False
CRYBG1,False,False,True,B_only,2,3,True,False,True,True,False
CRYM,False,False,True,B_only,2,2,True,False,True,False,False
CSGALNACT1,False,False,True,B_only,2,2,True,False,True,False,False
CSNK1E,False,False,True,B_only,2,3,True,True,False,True,False
CSNK2A1,False,False,True,B_only,2,3,True,False,True,True,False
CTDNEP1,False,False,True,B_only,2,2,True,True,False,False,False
CTDSPL2,False,False,True,B_only,2,2,True,False,True,False,False
CTNNA1,False,False,True,B_only,2,3,True,False,True,True,False
CTNNAL1,False,False,True,B_only,2,3,True,False,True,True,False
CTNNBL1,False,False,True,B_only,2,2,True,False,True,False,False
CTR9,False,False,True,B_only,2,2,True,False,True,False,False
CTSO,False,False,True,B_only,2,2,True,False,True,False,False
CTSS,False,False,True,B_only,2,3,True,False,True,True,False
CTSZ,False,False,True,B_only,2,3,False,True,True,True,False
CUEDC2,False,False,True,B_only,2,3,True,True,False,True,False
CUL2,False,False,True,B_only,2,2,True,False,True,False,False
CUX1,False,False,True,B_only,2,3,True,False,True,True,False
CXCL2,False,False,True,B_only,3,3,True,True,True,False,False
CXCL8,False,False,True,B_only,2,2,True,False,False,False,True
CXCR5,False,False,True,B_only,2,3,True,True,False,True,False
CYB5B,False,False,True,B_only,2,3,True,False,True,True,False
CYB5D1,False,False,True,B_only,2,2,True,True,False,False,False
CYBRD1,False,False,True,B_only,2,2,True,False,True,False,False
CYC1,False,False,True,B_only,2,2,True,True,False,False,False
CYP27B1,False,False,True,B_only,2,2,True,True,False,False,False
CYTH2,False,False,True,B_only,2,2,True,True,False,False,False
DAAM1,False,False,True,B_only,2,3,True,False,True,True,False
DAPK3,False,False,True,B_only,2,2,True,True,False,False,False
DBP,False,False,True,B_only,2,2,True,True,False,False,False
DCAF16,False,False,True,B_only,2,2,True,False,True,False,False
DCAF17,False,False,True,B_only,2,2,True,False,True,False,False
DCAF5,False,False,True,B_only,2,2,True,False,True,False,False
DCAF7,False,False,True,B_only,2,2,True,False,True,False,False
DCDC1,False,False,True,B_only,2,2,True,False,True,False,False
DCUN1D3,False,False,True,B_only,2,2,True,True,False,False,False
DDA1,False,False,True,B_only,2,2,True,True,False,False,False
DDB2,False,False,True,B_only,2,2,True,False,True,False,False
DDIT3,False,False,True,B_only,2,3,True,False,False,True,True
DDIT4,False,False,True,B_only,3,4,True,True,True,True,False
DDR2,False,False,True,B_only,2,2,True,False,True,False,False
DDX59,False,False,True,B_only,2,3,True,False,True,True,False
DDX60L,False,False,True,B_only,2,2,True,False,True,False,False
DENND1A,False,False,True,B_only,2,3,True,False,True,True,False
DENND4B,False,False,True,B_only,2,3,True,True,False,True,False
DENR,False,False,True,B_only,2,2,True,False,True,False,False
DERA,False,False,True,B_only,2,2,True,False,True,False,False
DHRS1,False,False,True,B_only,2,2,True,True,False,False,False
DHRS7,False,False,True,B_only,2,3,True,False,True,True,False
DHX34,False,False,True,B_only,2,2,True,False,True,False,False
DIAPH1,False,False,True,B_only,2,2,True,False,True,False,False
DLG2,False,False,True,B_only,2,3,True,False,True,True,False
DLGAP1-AS1,False,False,True,B_only,2,2,True,True,False,False,False
DMAC2,False,False,True,B_only,2,2,True,False,True,False,False
DMTF1,False,False,True,B_only,2,2,True,False,True,False,False
DMWD,False,False,True,B_only,2,2,True,True,False,False,False
DNAH7,False,False,True,B_only,2,2,True,False,True,False,False
DNAJB1,False,False,True,B_only,2,2,True,True,False,False,False
DNAJB2,False,False,True,B_only,2,2,True,True,False,False,False
DNAJC16,False,False,True,B_only,2,2,True,False,True,False,False
DNASE1L3,False,False,True,B_only,2,2,True,False,True,False,False
DNMT1,False,False,True,B_only,2,2,False,True,False,False,True
DOCK4,False,False,True,B_only,2,3,True,False,True,True,False
DOCK5,False,False,True,B_only,2,3,True,False,True,True,False
DOCK7,False,False,True,B_only,2,2,True,False,True,False,False
DPH1,False,False,True,B_only,2,2,True,True,False,False,False
DPH3,False,False,True,B_only,2,2,True,False,True,False,False
DPM3,False,False,True,B_only,2,2,True,True,False,False,False
DPP9,False,False,True,B_only,3,3,True,True,True,False,False
DRAM2,False,False,True,B_only,2,3,True,False,True,True,False
DRAP1,False,False,True,B_only,2,2,True,True,False,False,False
DRC3,False,False,True,B_only,2,2,True,False,True,False,False
DRG2,False,False,True,B_only,2,3,True,False,True,True,False
DST,False,False,True,B_only,2,3,True,False,True,True,False
DTWD2,False,False,True,B_only,2,3,True,False,True,True,False
DTX1,False,False,True,B_only,2,2,False,True,True,False,False
DUSP1,False,False,True,B_only,2,2,True,True,False,False,False
DUSP10,False,False,True,B_only,2,3,True,False,True,True,False
DUSP14,False,False,True,B_only,2,2,True,False,True,False,False
DUSP19,False,False,True,B_only,2,2,True,False,True,False,False
DUSP6,False,False,True,B_only,2,3,True,True,False,True,False
DVL2,False,False,True,B_only,2,2,True,True,False,False,False
DYM,False,False,True,B_only,2,3,True,False,True,True,False
E2F3,False,False,True,B_only,2,2,True,False,True,False,False
E2F4,False,False,True,B_only,2,2,True,True,False,False,False
EED,False,False,True,B_only,2,3,True,False,True,True,False
EEF1AKMT3,False,False,True,B_only,2,2,True,True,False,False,False
EEF1G,False,False,True,B_only,3,4,True,True,True,True,False
EEF2,False,False,True,B_only,2,2,True,True,False,False,False
EFNA1,False,False,True,B_only,2,3,True,True,False,True,False
EFNA5,False,False,True,B_only,2,3,True,False,True,True,False
EFTUD2,False,False,True,B_only,2,2,True,True,False,False,False
EHD1,False,False,True,B_only,2,3,True,True,False,True,False
EHHADH,False,False,True,B_only,2,2,True,False,True,False,False
EIF1,False,False,True,B_only,3,4,True,True,True,True,False
EIF2B3,False,False,True,B_only,2,3,True,False,True,True,False
EIF2B4,False,False,True,B_only,2,2,True,True,False,False,False
EIF4A1,False,False,True,B_only,2,2,True,True,False,False,False
EIF4G3,False,False,True,B_only,2,2,True,False,True,False,False
EIF5A2,False,False,True,B_only,2,2,True,False,True,False,False
ELF1,False,False,True,B_only,2,2,True,False,True,False,False
ELL2,False,False,True,B_only,2,2,True,False,True,False,False
ELOVL5,False,False,True,B_only,2,3,True,False,True,True,False
EMG1,False,False,True,B_only,2,2,True,True,False,False,False
EML2,False,False,True,B_only,2,2,False,True,True,False,False
EML3,False,False,True,B_only,2,2,True,True,False,False,False
EMP1,False,False,True,B_only,2,3,True,False,True,True,False
ENO1,False,False,True,B_only,2,2,True,True,False,False,False
ENO1-AS1,False,False,True,B_only,2,2,True,True,False,False,False
ENTPD7,False,False,True,B_only,2,3,True,False,True,True,False
EPAS1,False,False,True,B_only,2,3,False,True,False,True,True
EPM2A,False,False,True,B_only,2,2,True,False,True,False,False
ERCC5,False,False,True,B_only,2,2,True,False,True,False,False
ERGIC1,False,False,True,B_only,3,3,True,True,True,False,False
ERI1,False,False,True,B_only,2,2,True,False,True,False,False
ESR2,False,False,True,B_only,3,4,True,False,True,True,True
ESYT3,False,False,True,B_only,2,3,True,False,True,True,False
ETFDH,False,False,True,B_only,2,2,True,False,True,False,False
ETV6,False,False,True,B_only,3,4,True,False,True,True,True
EXD3,False,False,True,B_only,3,3,True,True,True,False,False
EXOC4,False,False,True,B_only,2,2,True,False,True,False,False
EXOC6B,False,False,True,B_only,2,2,True,False,True,False,False
EXOC7,False,False,True,B_only,2,2,True,False,True,False,False
EXOSC4,False,False,True,B_only,2,2,True,True,False,False,False
FAM114A1,False,False,True,B_only,2,2,True,False,True,False,False
FAM126A,False,False,True,B_only,2,2,True,False,True,False,False
FAM126B,False,False,True,B_only,2,2,True,False,True,False,False
FAM129B,False,False,True,B_only,2,2,True,True,False,False,False
FAM13A,False,False,True,B_only,2,2,True,False,True,False,False
FAM200B,False,False,True,B_only,2,2,True,True,False,False,False
FAM83A,False,False,True,B_only,2,2,True,True,False,False,False
FAM84B,False,False,True,B_only,2,3,True,False,True,True,False
FAM89A,False,False,True,B_only,2,2,True,False,True,False,False
FARSA,False,False,True,B_only,2,2,True,True,False,False,False
FAU,False,False,True,B_only,2,2,True,True,False,False,False
FBXO31,False,False,True,B_only,2,2,False,True,True,False,False
FBXW11,False,False,True,B_only,2,3,True,False,True,True,False
FBXW9,False,False,True,B_only,2,2,True,True,False,False,False
FERMT3,False,False,True,B_only,2,2,True,True,False,False,False
FGG,False,False,True,B_only,2,2,False,False,True,False,True
FGGY,False,False,True,B_only,2,3,True,False,True,True,False
FGL1,False,False,True,B_only,2,2,True,False,False,False,True
FHIT,False,False,True,B_only,2,2,True,False,True,False,False
FIZ1,False,False,True,B_only,2,2,True,True,False,False,False
FLAD1,False,False,True,B_only,3,3,True,True,True,False,False
FLRT2,False,False,True,B_only,2,2,True,False,True,False,False
FLT3LG,False,False,True,B_only,2,2,True,True,False,False,False
FNTA,False,False,True,B_only,2,2,True,False,True,False,False
FOS,False,False,True,B_only,3,4,True,True,False,True,True
FOSB,False,False,True,B_only,3,3,True,True,True,False,False
FOSL1,False,False,True,B_only,2,2,True,True,False,False,False
FOXP1,False,False,True,B_only,2,2,True,False,True,False,False
FPGS,False,False,True,B_only,2,2,True,True,False,False,False
FRG1,False,False,True,B_only,2,2,True,False,True,False,False
FRMD8,False,False,True,B_only,2,3,True,True,False,True,False
FSIP1,False,False,True,B_only,2,2,True,False,True,False,False
FTH1,False,False,True,B_only,2,3,True,True,False,True,False
FTO,False,False,True,B_only,2,3,True,False,True,True,False
FUBP3,False,False,True,B_only,2,2,True,False,True,False,False
FUCA1,False,False,True,B_only,2,2,True,False,True,False,False
G0S2,False,False,True,B_only,2,3,True,True,False,True,False
GABPA,False,False,True,B_only,2,2,True,False,True,False,False
GAD1,False,False,True,B_only,2,3,True,False,True,True,False
GADD45A,False,False,True,B_only,2,3,True,True,False,True,False
GADD45B,False,False,True,B_only,3,3,True,True,True,False,False
GALK1,False,False,True,B_only,2,2,True,True,False,False,False
GALNT15,False,False,True,B_only,2,2,True,False,True,False,False
GAN,False,False,True,B_only,2,2,True,False,True,False,False
GART,False,False,True,B_only,2,2,True,False,True,False,False
GBE1,False,False,True,B_only,2,3,True,False,True,True,False
GBP2,False,False,True,B_only,2,3,True,False,True,True,False
GCKR,False,False,True,B_only,2,3,True,False,True,True,False
GCLC,False,False,True,B_only,2,2,True,False,True,False,False
GFAP,False,False,True,B_only,3,3,True,True,False,False,True
GFM2,False,False,True,B_only,2,2,True,False,True,False,False
GGA1,False,False,True,B_only,2,2,True,True,False,False,False
GJC2,False,False,True,B_only,2,2,False,True,True,False,False
GLRX,False,False,True,B_only,2,3,True,True,False,True,False
GLS,False,False,True,B_only,2,3,True,False,True,True,False
GLYCTK,False,False,True,B_only,2,2,True,False,True,False,False
GMPR2,False,False,True,B_only,2,2,True,True,False,False,False
GNPDA1,False,False,True,B_only,2,3,True,False,True,True,False
GOLGA4,False,False,True,B_only,2,2,True,False,True,False,False
GPALPP1,False,False,True,B_only,2,2,True,False,True,False,False
GPATCH2,False,False,True,B_only,2,3,True,False,True,True,False
GPBP1,False,False,True,B_only,2,2,True,False,True,False,False
GPC6,False,False,True,B_only,2,3,True,False,True,True,False
GPR108,False,False,True,B_only,2,2,True,True,False,False,False
GPRC5A,False,False,True,B_only,3,4,True,True,True,True,False
GPX4,False,False,True,B_only,2,2,True,True,False,False,False
GRAMD1C,False,False,True,B_only,2,3,True,False,True,True,False
GREB1,False,False,True,B_only,2,2,True,False,False,False,True
GSDMD,False,False,True,B_only,2,2,True,True,False,False,False
GSDME,False,False,True,B_only,2,2,True,False,True,False,False
GSK3A,False,False,True,B_only,2,2,True,True,False,False,False
GSPT2,False,False,True,B_only,2,2,True,False,True,False,False
GTF2E2,False,False,True,B_only,2,2,True,False,True,False,False
GTF2F2,False,False,True,B_only,2,2,True,False,True,False,False
GTF2H1,False,False,True,B_only,2,2,True,False,True,False,False
GTPBP3,False,False,True,B_only,2,2,True,True,False,False,False
GUK1,False,False,True,B_only,2,2,True,True,False,False,False
GUSB,False,False,True,B_only,2,2,True,False,True,False,False
H3F3B,False,False,True,B_only,2,2,True,True,False,False,False
HADHA,False,False,True,B_only,2,3,True,False,True,True,False
HBS1L,False,False,True,B_only,2,3,True,False,True,True,False
HCFC1R1,False,False,True,B_only,2,2,True,True,False,False,False
HDAC7,False,False,True,B_only,2,2,True,True,False,False,False
HDLBP,False,False,True,B_only,2,2,True,False,True,False,False
HEATR3,False,False,True,B_only,2,2,True,False,True,False,False
HES1,False,False,True,B_only,3,3,True,True,True,False,False
HEXA,False,False,True,B_only,2,2,True,False,True,False,False
HIBADH,False,False,True,B_only,2,2,True,False,True,False,False
HIBCH,False,False,True,B_only,2,3,True,False,True,True,False
HINT3,False,False,True,B_only,2,2,True,True,False,False,False
HIPK3,False,False,True,B_only,2,2,True,False,True,False,False
HIST1H1A,False,False,True,B_only,2,2,True,True,False,False,False
HIST1H1C,False,False,True,B_only,2,2,True,True,False,False,False
HIST1H1D,False,False,True,B_only,2,2,True,True,False,False,False
HIST1H1E,False,False,True,B_only,2,2,True,True,False,False,False
HIST1H1T,False,False,True,B_only,2,2,True,True,False,False,False
HIST1H2AB,False,False,True,B_only,2,2,True,True,False,False,False
HIST1H2AC,False,False,True,B_only,2,3,True,True,False,True,False
HIST1H2AD,False,False,True,B_only,2,2,True,True,False,False,False
HIST1H2AE,False,False,True,B_only,2,2,True,True,False,False,False
HIST1H2AG,False,False,True,B_only,2,2,True,True,False,False,False
HIST1H2AH,False,False,True,B_only,2,2,True,True,False,False,False
HIST1H2AK,False,False,True,B_only,2,2,True,True,False,False,False
HIST1H2AL,False,False,True,B_only,2,2,True,True,False,False,False
HIST1H2AM,False,False,True,B_only,2,2,True,True,False,False,False
HIST1H2BC,False,False,True,B_only,2,2,True,True,False,False,False
HIST1H2BD,False,False,True,B_only,2,2,True,True,False,False,False
HIST1H2BF,False,False,True,B_only,2,2,True,True,False,False,False
HIST1H2BG,False,False,True,B_only,2,2,True,True,False,False,False
HIST1H2BJ,False,False,True,B_only,2,2,True,True,False,False,False
HIST1H2BK,False,False,True,B_only,2,2,True,True,False,False,False
HIST1H2BN,False,False,True,B_only,2,2,True,True,False,False,False
HIST1H2BO,False,False,True,B_only,2,2,True,True,False,False,False
HIST1H3A,False,False,True,B_only,2,2,True,True,False,False,False
HIST1H3B,False,False,True,B_only,2,2,True,True,False,False,False
HIST1H3D,False,False,True,B_only,2,2,True,True,False,False,False
HIST1H3J,False,False,True,B_only,2,2,True,True,False,False,False
HIST1H4A,False,False,True,B_only,2,2,True,True,False,False,False
HIST1H4B,False,False,True,B_only,2,2,True,True,False,False,False
HIST1H4D,False,False,True,B_only,2,2,True,True,False,False,False
HIST1H4E,False,False,True,B_only,2,2,True,True,False,False,False
HIST1H4F,False,False,True,B_only,2,2,True,True,False,False,False
HIST1H4H,False,False,True,B_only,2,2,True,True,False,False,False
HIST1H4I,False,False,True,B_only,2,2,True,True,False,False,False
HIST1H4L,False,False,True,B_only,2,2,True,True,False,False,False
HM13,False,False,True,B_only,2,3,True,False,True,True,False
HMBOX1,False,False,True,B_only,2,2,True,False,True,False,False
HMBS,False,False,True,B_only,2,2,True,True,False,False,False
HMGCR,False,False,True,B_only,2,2,True,False,True,False,False
HMGN4,False,False,True,B_only,2,2,True,True,False,False,False
HMGXB4,False,False,True,B_only,2,2,True,False,True,False,False
HNRNPLL,False,False,True,B_only,2,3,True,False,True,True,False
HOPX,False,False,True,B_only,2,2,True,False,True,False,False
HOTAIRM1,False,False,True,B_only,2,2,True,True,False,False,False
HOXA4,False,False,True,B_only,2,2,True,True,False,False,False
HOXA5,False,False,True,B_only,2,2,True,True,False,False,False
HOXA6,False,False,True,B_only,2,2,False,True,True,False,False
HOXC4,False,False,True,B_only,2,2,True,True,False,False,False
HPS3,False,False,True,B_only,2,3,True,False,True,True,False
HSD11B1,False,False,True,B_only,2,2,False,True,True,False,False
HSD17B12,False,False,True,B_only,2,2,True,False,True,False,False
HSP90AB1,False,False,True,B_only,2,2,True,True,False,False,False
HSPA4,False,False,True,B_only,2,3,False,False,True,True,True
HSPA4L,False,False,True,B_only,2,3,True,False,True,True,False
HSPB1,False,False,True,B_only,3,4,True,True,False,True,True
HSPB3,False,False,True,B_only,2,2,True,False,True,False,False
HTR1D,False,False,True,B_only,2,2,True,False,True,False,False
HTR7,False,False,True,B_only,2,2,True,False,True,False,False
HUWE1,False,False,True,B_only,2,2,True,False,True,False,False
IARS2,False,False,True,B_only,2,2,True,False,True,False,False
ICAM1,False,False,True,B_only,3,4,True,True,False,True,True
ID1,False,False,True,B_only,2,3,True,True,False,True,False
ID2,False,False,True,B_only,2,3,True,False,True,True,False
ID3,False,False,True,B_only,2,3,True,True,False,True,False
IDS,False,False,True,B_only,2,2,True,False,True,False,False
IER2,False,False,True,B_only,2,3,True,True,False,True,False
IER3,False,False,True,B_only,2,2,True,True,False,False,False
IER5,False,False,True,B_only,2,3,True,True,False,True,False
IFI30,False,False,True,B_only,2,2,True,True,False,False,False
IFITM1,False,False,True,B_only,2,3,True,False,True,True,False
IFITM3,False,False,True,B_only,2,2,True,True,False,False,False
IFT122,False,False,True,B_only,2,2,True,False,True,False,False
IGFL4,False,False,True,B_only,2,2,True,False,True,False,False
IGFLR1,False,False,True,B_only,2,2,True,True,False,False,False
IKBKE,False,False,True,B_only,3,3,True,False,True,False,True
IL1RAP,False,False,True,B_only,2,2,True,False,True,False,False
IL20,False,False,True,B_only,2,2,True,True,False,False,False
IL21R,False,False,True,B_only,2,3,True,False,True,True,False
IL23R,False,False,True,B_only,2,2,True,False,True,False,False
IL24,False,False,True,B_only,2,3,True,True,False,True,False
IL31RA,False,False,True,B_only,2,2,True,False,True,False,False
IMMT,False,False,True,B_only,2,2,True,False,True,False,False
IMP3,False,False,True,B_only,2,2,True,True,False,False,False
IMPAD1,False,False,True,B_only,2,2,True,False,True,False,False
INAFM1,False,False,True,B_only,2,2,True,True,False,False,False
INO80,False,False,True,B_only,2,3,True,False,True,True,False
INO80B,False,False,True,B_only,2,2,True,True,False,False,False
INO80B-WBP1,False,False,True,B_only,2,2,True,True,False,False,False
INO80C,False,False,True,B_only,2,2,True,False,True,False,False
INPP5B,False,False,True,B_only,2,2,True,False,True,False,False
INSL4,False,False,True,B_only,2,2,True,False,True,False,False
INTS7,False,False,True,B_only,2,2,True,False,True,False,False
INTS9,False,False,True,B_only,2,3,True,False,True,True,False
IP6K1,False,False,True,B_only,2,2,True,False,True,False,False
IPO4,False,False,True,B_only,2,2,True,True,False,False,False
IQCB1,False,False,True,B_only,2,2,True,False,True,False,False
IQCH,False,False,True,B_only,2,2,True,False,True,False,False
IQCN,False,False,True,B_only,2,2,False,True,True,False,False
IRF2BP1,False,False,True,B_only,2,2,True,True,False,False,False
IRF2BP2,False,False,True,B_only,2,3,True,True,False,True,False
IRF2BPL,False,False,True,B_only,2,2,True,True,False,False,False
IRF3,False,False,True,B_only,2,2,True,True,False,False,False
IRF6,False,False,True,B_only,3,3,True,True,True,False,False
ISG20,False,False,True,B_only,2,3,True,True,False,True,False
ITGA2,False,False,True,B_only,2,2,True,False,True,False,False
ITGA3,False,False,True,B_only,2,3,False,True,True,True,False
ITGA6,False,False,True,B_only,2,3,False,True,True,True,False
ITGB2,False,False,True,B_only,2,2,True,True,False,False,False
ITPKC,False,False,True,B_only,2,2,True,True,False,False,False
ITPR1,False,False,True,B_only,2,2,True,False,True,False,False
ITPR2,False,False,True,B_only,2,2,True,False,True,False,False
JADE2,False,False,True,B_only,2,3,True,True,False,True,False
JAK2,False,False,True,B_only,3,4,True,False,True,True,True
JAK3,False,False,True,B_only,2,3,True,True,False,True,False
JMJD8,False,False,True,B_only,2,2,True,True,False,False,False
JMY,False,False,True,B_only,2,2,True,False,True,False,False
JUNB,False,False,True,B_only,3,3,True,True,False,False,True
JUP,False,False,True,B_only,2,2,False,True,True,False,False
KCNJ16,False,False,True,B_only,2,2,True,False,True,False,False
KCNK15,False,False,True,B_only,2,2,True,False,True,False,False
KCNN4,False,False,True,B_only,2,2,True,True,False,False,False
KDELR1,False,False,True,B_only,2,2,True,False,True,False,False
KDM5B,False,False,True,B_only,2,3,True,False,True,True,False
KIAA0895L,False,False,True,B_only,2,2,True,True,False,False,False
KIAA1147,False,False,True,B_only,2,2,True,False,True,False,False
KIAA1328,False,False,True,B_only,2,2,True,False,True,False,False
KIF15,False,False,True,B_only,2,2,True,False,True,False,False
KIF18A,False,False,True,B_only,2,2,True,False,True,False,False
KIF1B,False,False,True,B_only,2,3,True,False,True,True,False
KIF2C,False,False,True,B_only,2,2,True,True,False,False,False
KLF6,False,False,True,B_only,2,3,True,True,False,True,False
KLF9,False,False,True,B_only,2,3,True,True,False,True,False
KLHDC4,False,False,True,B_only,2,2,True,True,False,False,False
KLHL32,False,False,True,B_only,2,2,True,False,True,False,False
KLHL7,False,False,True,B_only,2,2,True,False,True,False,False
KMT2E,False,False,True,B_only,2,3,False,True,True,True,False
KPNA4,False,False,True,B_only,2,3,True,False,True,True,False
KPNB1,False,False,True,B_only,2,3,True,False,True,True,False
KRR1,False,False,True,B_only,2,3,True,False,True,True,False
KRT17,False,False,True,B_only,2,2,True,False,False,False,True
KRT6A,False,False,True,B_only,2,2,True,True,False,False,False
KRT7,False,False,True,B_only,2,2,True,True,False,False,False
KRT8,False,False,True,B_only,2,3,True,False,True,True,False
KRT80,False,False,True,B_only,2,2,True,True,False,False,False
KRTCAP2,False,False,True,B_only,2,2,True,True,False,False,False
KYNU,False,False,True,B_only,2,3,True,True,False,True,False
LAMA5,False,False,True,B_only,2,3,True,True,False,True,False
LAMB3,False,False,True,B_only,2,2,True,True,False,False,False
LAPTM4A,False,False,True,B_only,2,3,True,False,True,True,False
LAPTM5,False,False,True,B_only,2,2,True,True,False,False,False
LASP1,False,False,True,B_only,2,2,True,False,True,False,False
LATS1,False,False,True,B_only,2,2,True,False,True,False,False
LBH,False,False,True,B_only,2,2,True,False,True,False,False
LCA5,False,False,True,B_only,2,2,True,False,True,False,False
LDLR,False,False,True,B_only,2,3,True,True,False,True,False
LEKR1,False,False,True,B_only,2,3,True,False,True,True,False
LEP,False,False,True,B_only,2,3,False,False,True,True,True
LGALS3,False,False,True,B_only,2,2,True,True,False,False,False
LGALS3BP,False,False,True,B_only,3,3,True,False,True,False,True
LHX2,False,False,True,B_only,2,3,True,False,True,True,False
LIAS,False,False,True,B_only,2,2,True,False,True,False,False
LIMCH1,False,False,True,B_only,2,2,True,False,True,False,False
LIN37,False,False,True,B_only,2,2,True,True,False,False,False
LINC00324,False,False,True,B_only,2,2,True,True,False,False,False
LINC01137,False,False,True,B_only,2,2,True,True,False,False,False
LINS1,False,False,True,B_only,2,2,True,False,True,False,False
LIPG,False,False,True,B_only,2,3,True,False,True,True,False
LMBRD2,False,False,True,B_only,2,2,True,False,True,False,False
LNPEP,False,False,True,B_only,2,2,True,True,False,False,False
LNX2,False,False,True,B_only,2,2,True,False,True,False,False
LONP2,False,False,True,B_only,2,2,True,False,True,False,False
LPP,False,False,True,B_only,2,3,True,False,True,True,False
LRGUK,False,False,True,B_only,2,2,True,False,True,False,False
LRP10,False,False,True,B_only,2,2,True,True,False,False,False
LRP11,False,False,True,B_only,2,2,False,True,True,False,False
LRP1B,False,False,True,B_only,2,3,True,False,True,True,False
LRPPRC,False,False,True,B_only,2,3,True,False,True,True,False
LRRC29,False,False,True,B_only,2,2,True,True,False,False,False
LRRC8B,False,False,True,B_only,2,3,True,False,True,True,False
LRRFIP2,False,False,True,B_only,2,2,True,False,True,False,False
LSG1,False,False,True,B_only,2,2,True,True,False,False,False
LSM6,False,False,True,B_only,2,3,True,False,True,True,False
LTB4R2,False,False,True,B_only,2,2,True,True,False,False,False
LTBP1,False,False,True,B_only,2,3,False,False,True,True,True
LTBP3,False,False,True,B_only,2,2,True,True,False,False,False
LUC7L2,False,False,True,B_only,2,2,True,False,True,False,False
LUZP6,False,False,True,B_only,2,2,True,False,True,False,False
LY6E-DT,False,False,True,B_only,2,2,True,False,True,False,False
LYL1,False,False,True,B_only,2,2,True,True,False,False,False
LYPLAL1,False,False,True,B_only,2,2,True,False,True,False,False
LYRM1,False,False,True,B_only,2,3,True,True,False,True,False
MAML2,False,False,True,B_only,2,3,True,False,True,True,False
MAN1A1,False,False,True,B_only,2,2,True,False,True,False,False
MAN2A1,False,False,True,B_only,2,3,True,False,True,True,False
MAP2K3,False,False,True,B_only,2,2,True,True,False,False,False
MAP3K11,False,False,True,B_only,2,2,True,True,False,False,False
MAPK14,False,False,True,B_only,2,3,True,False,True,True,False
MAPK3,False,False,True,B_only,2,2,True,False,True,False,False
MARK3,False,False,True,B_only,2,2,True,False,True,False,False
MAST2,False,False,True,B_only,2,3,True,False,True,True,False
MAT2A,False,False,True,B_only,2,3,True,True,False,True,False
MAT2B,False,False,True,B_only,2,2,True,False,True,False,False
MAX,False,False,True,B_only,2,2,True,False,True,False,False
MBD2,False,False,True,B_only,2,2,True,False,True,False,False
MBNL1-AS1,False,False,True,B_only,2,2,True,True,False,False,False
MCAT,False,False,True,B_only,2,2,True,False,True,False,False
MCC,False,False,True,B_only,2,2,True,False,True,False,False
MCFD2,False,False,True,B_only,3,3,True,True,True,False,False
MCL1,False,False,True,B_only,3,4,True,True,False,True,True
MCM2,False,False,True,B_only,2,3,True,False,True,True,False
MCPH1,False,False,True,B_only,2,2,True,False,True,False,False
MCRIP2,False,False,True,B_only,2,2,True,True,False,False,False
MDC1,False,False,True,B_only,2,3,True,False,False,True,True
MDM4,False,False,True,B_only,3,4,True,True,True,True,False
MDP1,False,False,True,B_only,2,2,True,True,False,False,False
MED1,False,False,True,B_only,2,2,True,False,True,False,False
MED16,False,False,True,B_only,2,2,True,True,False,False,False
MED18,False,False,True,B_only,2,3,True,False,True,True,False
MED25,False,False,True,B_only,2,2,True,True,False,False,False
MED27,False,False,True,B_only,2,2,True,False,True,False,False
MED29,False,False,True,B_only,2,2,True,True,False,False,False
MED30,False,False,True,B_only,2,2,True,False,True,False,False
MED4,False,False,True,B_only,2,3,True,False,True,True,False
MEFV,False,False,True,B_only,2,2,True,True,False,False,False
MEMO1,False,False,True,B_only,2,2,True,False,True,False,False
MEPCE,False,False,True,B_only,2,2,True,True,False,False,False
MET,False,False,True,B_only,2,2,True,True,False,False,False
METTL2A,False,False,True,B_only,2,2,True,False,True,False,False
METTL2B,False,False,True,B_only,2,2,True,False,True,False,False
MFAP5,False,False,True,B_only,2,3,True,False,True,True,False
MFSD1,False,False,True,B_only,2,2,True,False,True,False,False
MGST1,False,False,True,B_only,2,2,True,False,True,False,False
MIA2,False,False,True,B_only,2,2,True,False,True,False,False
MIAT,False,False,True,B_only,2,3,True,False,True,True,False
MIEN1,False,False,True,B_only,2,2,True,True,False,False,False
MIER1,False,False,True,B_only,2,2,True,False,True,False,False
MIR141,False,False,True,B_only,2,2,True,True,False,False,False
MIR1914,False,False,True,B_only,2,2,True,True,False,False,False
MIR200C,False,False,True,B_only,2,2,True,True,False,False,False
MIR205HG,False,False,True,B_only,2,2,True,True,False,False,False
MIR21,False,False,True,B_only,2,2,True,True,False,False,False
MIR2117,False,False,True,B_only,2,2,True,True,False,False,False
MIR3143,False,False,True,B_only,2,2,True,True,False,False,False
MIR3175,False,False,True,B_only,2,2,True,True,False,False,False
MIR3193,False,False,True,B_only,2,2,True,True,False,False,False
MIR330,False,False,True,B_only,2,2,True,True,False,False,False
MIR3936,False,False,True,B_only,2,2,True,True,False,False,False
MIR3945,False,False,True,B_only,2,2,True,True,False,False,False
MIR4257,False,False,True,B_only,2,2,True,True,False,False,False
MIR4258,False,False,True,B_only,2,2,True,True,False,False,False
MIR4492,False,False,True,B_only,2,2,True,True,False,False,False
MIR4505,False,False,True,B_only,2,2,True,True,False,False,False
MIR4645,False,False,True,B_only,2,2,True,True,False,False,False
MIR4669,False,False,True,B_only,2,2,True,True,False,False,False
MIR4736,False,False,True,B_only,2,2,True,True,False,False,False
MIR4738,False,False,True,B_only,2,2,True,True,False,False,False
MIR647,False,False,True,B_only,2,2,True,True,False,False,False
MIR92B,False,False,True,B_only,2,2,True,True,False,False,False
MIRLET7BHG,False,False,True,B_only,2,2,True,True,False,False,False
MMADHC,False,False,True,B_only,2,2,True,False,True,False,False
MMP1,False,False,True,B_only,2,2,True,False,False,False,True
MMP7,False,False,True,B_only,2,2,True,False,False,False,True
MNAT1,False,False,True,B_only,2,2,True,False,True,False,False
MOB2,False,False,True,B_only,2,2,True,False,True,False,False
MOB3A,False,False,True,B_only,2,3,True,True,False,True,False
MOCOS,False,False,True,B_only,2,2,True,True,False,False,False
MON2,False,False,True,B_only,2,2,True,False,True,False,False
MPDU1,False,False,True,B_only,2,2,True,True,False,False,False
MPZL2,False,False,True,B_only,2,2,True,True,False,False,False
MRM1,False,False,True,B_only,2,2,True,False,True,False,False
MRPL21,False,False,True,B_only,2,2,True,False,True,False,False
MRPL24,False,False,True,B_only,2,2,True,True,False,False,False
MRPL3,False,False,True,B_only,2,2,True,False,True,False,False
MRPL34,False,False,True,B_only,2,2,True,True,False,False,False
MRPL36,False,False,True,B_only,2,2,True,True,False,False,False
MRPL38,False,False,True,B_only,3,3,True,True,True,False,False
MRPL49,False,False,True,B_only,2,2,True,True,False,False,False
MRPL54,False,False,True,B_only,2,2,True,True,False,False,False
MRPL55,False,False,True,B_only,2,2,True,True,False,False,False
MRPS23,False,False,True,B_only,2,2,True,False,True,False,False
MRPS27,False,False,True,B_only,2,2,True,False,True,False,False
MRPS30,False,False,True,B_only,2,2,True,False,True,False,False
MRTFA,False,False,True,B_only,2,2,True,False,True,False,False
MSLN,False,False,True,B_only,2,2,True,True,False,False,False
MSRA,False,False,True,B_only,2,3,True,False,True,True,False
MST1L,False,False,True,B_only,2,2,True,False,True,False,False
MT1E,False,False,True,B_only,2,2,True,True,False,False,False
MT2A,False,False,True,B_only,2,3,True,True,False,True,False
MTA2,False,False,True,B_only,2,3,True,True,False,True,False
MTHFD1L,False,False,True,B_only,2,3,True,False,True,True,False
MTIF3,False,False,True,B_only,2,2,True,False,True,False,False
MTMR2,False,False,True,B_only,2,3,True,False,True,True,False
MTX1,False,False,True,B_only,2,3,True,True,False,True,False
MUC1,False,False,True,B_only,3,4,True,True,False,True,True
MUS81,False,False,True,B_only,2,2,True,True,False,False,False
MVP,False,False,True,B_only,2,2,True,True,False,False,False
MXI1,False,False,True,B_only,2,2,True,True,False,False,False
MYO10,False,False,True,B_only,2,3,True,False,True,True,False
MYO1G,False,False,True,B_only,2,3,True,True,False,True,False
MYOF,False,False,True,B_only,3,4,True,True,True,True,False
N4BP1,False,False,True,B_only,2,3,True,False,True,True,False
NAA30,False,False,True,B_only,2,3,True,False,True,True,False
NABP1,False,False,True,B_only,3,4,True,True,True,True,False
NAGA,False,False,True,B_only,2,2,True,False,True,False,False
NAMPT,False,False,True,B_only,2,3,True,False,True,True,False
NAPA,False,False,True,B_only,2,2,True,False,True,False,False
NARF,False,False,True,B_only,2,2,True,True,False,False,False
NBN,False,False,True,B_only,2,2,True,False,True,False,False
NBPF1,False,False,True,B_only,2,2,True,False,True,False,False
NCAPG,False,False,True,B_only,2,2,True,False,True,False,False
NCAPG2,False,False,True,B_only,2,2,True,False,True,False,False
NCAPH2,False,False,True,B_only,2,2,True,True,False,False,False
NDC1,False,False,True,B_only,2,2,True,False,True,False,False
NDFIP1,False,False,True,B_only,2,3,True,False,True,True,False
NDRG1,False,False,True,B_only,2,2,True,True,False,False,False
NDUFS3,False,False,True,B_only,2,2,True,False,True,False,False
NDUFS4,False,False,True,B_only,2,3,True,False,True,True,False
NDUFS6,False,False,True,B_only,2,2,True,True,False,False,False
NEDD8,False,False,True,B_only,2,2,True,True,False,False,False
NEDD8-MDP1,False,False,True,B_only,2,2,True,True,False,False,False
NEIL3,False,False,True,B_only,2,2,True,False,True,False,False
NEK10,False,False,True,B_only,2,2,True,False,True,False,False
NEK11,False,False,True,B_only,2,2,True,False,True,False,False
NEK8,False,False,True,B_only,2,2,True,True,False,False,False
NELFB,False,False,True,B_only,2,2,False,True,True,False,False
NF1,False,False,True,B_only,2,3,True,False,True,True,False
NFAT5,False,False,True,B_only,2,3,True,False,True,True,False
NFE2L1,False,False,True,B_only,2,2,True,True,False,False,False
NFIA,False,False,True,B_only,2,3,True,False,True,True,False
NFIL3,False,False,True,B_only,2,3,True,True,False,True,False
NFKB2,False,False,True,B_only,2,2,True,True,False,False,False
NFKBIA,False,False,True,B_only,2,3,True,True,False,True,False
NFKBIB,False,False,True,B_only,2,2,True,False,True,False,False
NFKBIE,False,False,True,B_only,2,3,True,True,False,True,False
NKTR,False,False,True,B_only,2,2,True,False,True,False,False
NLGN1,False,False,True,B_only,2,3,True,False,True,True,False
NME1,False,False,True,B_only,2,3,True,False,False,True,True
NMI,False,False,True,B_only,2,3,True,False,True,True,False
NMT1,False,False,True,B_only,2,2,True,False,True,False,False
NOL10,False,False,True,B_only,2,3,True,False,True,True,False
NOL11,False,False,True,B_only,2,3,True,False,True,True,False
NOL3,False,False,True,B_only,2,2,True,True,False,False,False
NOP53,False,False,True,B_only,2,2,True,True,False,False,False
NOSIP,False,False,True,B_only,2,2,True,True,False,False,False
NPVF,False,False,True,B_only,2,3,True,False,True,True,False
NQO2,False,False,True,B_only,2,2,True,True,False,False,False
NR1D1,False,False,True,B_only,2,2,True,True,False,False,False
NR2F1,False,False,True,B_only,2,3,True,False,True,True,False
NR4A2,False,False,True,B_only,2,3,False,True,True,True,False
NR6A1,False,False,True,B_only,2,2,True,False,True,False,False
NRSN2,False,False,True,B_only,2,2,True,True,False,False,False
NUAK2,False,False,True,B_only,2,2,True,True,False,False,False
NUCB1,False,False,True,B_only,2,2,True,True,False,False,False
NUDT22,False,False,True,B_only,2,2,True,True,False,False,False
NUP133,False,False,True,B_only,2,2,True,False,True,False,False
NUP214,False,False,True,B_only,2,3,True,False,True,True,False
NUP35,False,False,True,B_only,2,2,True,False,True,False,False
NUP98,False,False,True,B_only,2,2,True,False,True,False,False
OAS1,False,False,True,B_only,2,2,True,False,False,False,True
OAZ1,False,False,True,B_only,2,2,True,True,False,False,False
OCIAD1,False,False,True,B_only,2,2,True,False,True,False,False
ODC1,False,False,True,B_only,2,3,True,True,False,True,False
OMA1,False,False,True,B_only,2,2,True,False,True,False,False
OPA1,False,False,True,B_only,2,3,True,False,True,True,False
OPLAH,False,False,True,B_only,2,3,True,True,False,True,False
OPRM1,False,False,True,B_only,2,2,False,False,True,False,True
OR5A2,False,False,True,B_only,2,2,True,False,True,False,False
OR9K2,False,False,True,B_only,2,2,True,False,True,False,False
ORC1,False,False,True,B_only,2,2,True,False,True,False,False
ORC4,False,False,True,B_only,2,3,True,False,True,True,False
ORMDL1,False,False,True,B_only,2,2,True,False,True,False,False
OTUD3,False,False,True,B_only,2,3,True,False,True,True,False
OXSM,False,False,True,B_only,2,3,True,False,True,True,False
P4HB,False,False,True,B_only,2,2,True,True,False,False,False
PA2G4,False,False,True,B_only,2,2,True,True,False,False,False
PACRGL,False,False,True,B_only,2,2,True,False,True,False,False
PAF1,False,False,True,B_only,2,2,True,True,False,False,False
PAPPA,False,False,True,B_only,2,3,True,False,True,True,False
PAPSS2,False,False,True,B_only,2,2,True,False,True,False,False
PARN,False,False,True,B_only,2,2,True,False,True,False,False
PARP14,False,False,True,B_only,2,3,True,False,True,True,False
PAX3,False,False,True,B_only,2,3,False,False,True,True,True
PBXIP1,False,False,True,B_only,2,3,True,True,False,True,False
PCCA,False,False,True,B_only,2,2,True,False,True,False,False
PCDH9,False,False,True,B_only,2,3,True,False,True,True,False
PCGEM1,False,False,True,B_only,2,2,True,False,True,False,False
PCNX3,False,False,True,B_only,2,3,True,True,False,True,False
PDCD1LG2,False,False,True,B_only,2,3,True,False,True,True,False
PDE12,False,False,True,B_only,2,2,True,False,True,False,False
PDE3A,False,False,True,B_only,2,2,True,False,True,False,False
PDE4A,False,False,True,B_only,2,2,True,True,False,False,False
PDE4DIP,False,False,True,B_only,2,2,True,False,True,False,False
PDE6A,False,False,True,B_only,2,2,False,True,True,False,False
PDE7B,False,False,True,B_only,2,3,True,False,True,True,False
PDHB,False,False,True,B_only,2,2,True,False,True,False,False
PDIA4,False,False,True,B_only,2,2,True,False,True,False,False
PDK1,False,False,True,B_only,2,3,True,False,True,True,False
PDSS2,False,False,True,B_only,2,2,True,False,True,False,False
PEPD,False,False,True,B_only,2,3,True,False,True,True,False
PER1,False,False,True,B_only,2,2,True,True,False,False,False
PER2,False,False,True,B_only,2,2,True,True,False,False,False
PEX13,False,False,True,B_only,2,3,True,False,True,True,False
PEX3,False,False,True,B_only,2,3,True,False,True,True,False
PEX5,False,False,True,B_only,2,2,True,False,True,False,False
PFDN4,False,False,True,B_only,2,2,True,False,True,False,False
PFKFB2,False,False,True,B_only,2,2,False,True,True,False,False
PGM1,False,False,True,B_only,2,2,True,False,True,False,False
PGS1,False,False,True,B_only,2,3,True,True,False,True,False
PHACTR4,False,False,True,B_only,2,2,True,False,True,False,False
PHB,False,False,True,B_only,2,2,True,False,False,False,True
PHB2,False,False,True,B_only,2,2,True,True,False,False,False
PHF21A,False,False,True,B_only,2,3,True,False,True,True,False
PHLPP1,False,False,True,B_only,2,3,True,False,True,True,False
PICALM,False,False,True,B_only,2,2,True,True,False,False,False
PIGN,False,False,True,B_only,2,3,True,False,True,True,False
PIH1D1,False,False,True,B_only,2,2,True,True,False,False,False
PIK3C2G,False,False,True,B_only,2,2,True,False,True,False,False
PIK3C3,False,False,True,B_only,2,3,True,False,True,True,False
PIK3R3,False,False,True,B_only,2,2,True,False,True,False,False
PIM2,False,False,True,B_only,2,2,True,True,False,False,False
PIP5KL1,False,False,True,B_only,2,3,True,True,False,True,False
PKIB,False,False,True,B_only,2,2,True,False,True,False,False
PKM,False,False,True,B_only,2,2,True,True,False,False,False
PKP1,False,False,True,B_only,2,2,False,True,True,False,False
PLA2G4A,False,False,True,B_only,2,2,True,False,True,False,False
PLAT,False,False,True,B_only,2,2,True,False,True,False,False
PLD1,False,False,True,B_only,3,4,True,True,True,True,False
PLEKHA4,False,False,True,B_only,2,3,True,True,False,True,False
PLEKHA8,False,False,True,B_only,2,2,True,False,True,False,False
PLEKHF2,False,False,True,B_only,2,3,True,False,True,True,False
PLEKHH3,False,False,True,B_only,2,2,True,True,False,False,False
PLIN1,False,False,True,B_only,2,2,True,False,True,False,False
PLK2,False,False,True,B_only,2,2,True,False,True,False,False
PLOD2,False,False,True,B_only,3,3,True,True,True,False,False
PLP2,False,False,True,B_only,2,2,True,True,False,False,False
PMAIP1,False,False,True,B_only,2,3,True,True,False,True,False
PML,False,False,True,B_only,2,3,True,True,False,True,False
PMVK,False,False,True,B_only,2,3,True,True,False,True,False
PNKP,False,False,True,B_only,2,2,True,True,False,False,False
PNPLA6,False,False,True,B_only,2,2,True,True,False,False,False
PNRC1,False,False,True,B_only,3,3,True,True,True,False,False
POLA2,False,False,True,B_only,2,2,True,False,True,False,False
POLD1,False,False,True,B_only,2,2,True,True,False,False,False
POLD4,False,False,True,B_only,2,2,True,True,False,False,False
POLI,False,False,True,B_only,2,3,True,False,True,True,False
POLQ,False,False,True,B_only,2,3,True,False,True,True,False
POLR1A,False,False,True,B_only,2,2,True,False,True,False,False
POLR2E,False,False,True,B_only,2,2,False,True,True,False,False
POLR2I,False,False,True,B_only,2,2,True,True,False,False,False
POLR3D,False,False,True,B_only,2,2,True,False,True,False,False
POMT1,False,False,True,B_only,2,2,True,False,True,False,False
POT1,False,False,True,B_only,2,2,True,False,True,False,False
POU2F1,False,False,True,B_only,2,2,True,False,False,False,True
PPARA,False,False,True,B_only,2,2,True,False,False,False,True
PPAT,False,False,True,B_only,2,3,True,False,True,True,False
PPFIBP1,False,False,True,B_only,2,2,True,False,True,False,False
PPHLN1,False,False,True,B_only,2,2,True,False,True,False,False
PPM1F,False,False,True,B_only,2,3,True,False,True,True,False
PPP1R13L,False,False,True,B_only,2,2,True,True,False,False,False
PPP1R15A,False,False,True,B_only,2,2,True,True,False,False,False
PPP1R15B,False,False,True,B_only,2,3,True,True,False,True,False
PPP1R35,False,False,True,B_only,2,2,True,True,False,False,False
PPP2R5E,False,False,True,B_only,2,2,True,False,True,False,False
PPP6R1,False,False,True,B_only,2,2,True,True,False,False,False
PRCC,False,False,True,B_only,2,2,True,True,False,False,False
PRDM1,False,False,True,B_only,3,4,True,True,False,True,True
PRDX5,False,False,True,B_only,2,3,True,True,False,True,False
PRIM2,False,False,True,B_only,2,2,True,False,True,False,False
PRKAA1,False,False,True,B_only,2,3,True,False,True,True,False
PRKN,False,False,True,B_only,2,2,True,False,True,False,False
PRMT1,False,False,True,B_only,2,2,True,True,False,False,False
PROS1,False,False,True,B_only,2,3,True,False,False,True,True
PRPF18,False,False,True,B_only,2,2,True,False,True,False,False
PRR5L,False,False,True,B_only,2,2,True,False,True,False,False
PRR7,False,False,True,B_only,2,2,True,True,False,False,False
PSENEN,False,False,True,B_only,2,2,True,True,False,False,False
PSMA3,False,False,True,B_only,2,2,True,False,True,False,False
PSMB1,False,False,True,B_only,2,2,True,False,True,False,False
PSMB5,False,False,True,B_only,2,2,True,False,False,False,True
PSMD14,False,False,True,B_only,2,3,True,False,True,True,False
PSMD9,False,False,True,B_only,2,2,True,False,True,False,False
PSME4,False,False,True,B_only,2,3,True,False,True,True,False
PTBP1,False,False,True,B_only,2,3,True,True,False,True,False
PTGES,False,False,True,B_only,2,2,True,True,False,False,False
PTGR1,False,False,True,B_only,2,2,True,False,True,False,False
PTGS2,False,False,True,B_only,2,2,True,False,False,False,True
PTK2B,False,False,True,B_only,2,3,True,False,True,True,False
PTP4A1,False,False,True,B_only,2,3,True,True,False,True,False
PTP4A2,False,False,True,B_only,2,2,True,True,False,False,False
PTPN12,False,False,True,B_only,2,3,True,False,True,True,False
PTPN6,False,False,True,B_only,3,3,True,True,False,False,True
PTPRC,False,False,True,B_only,2,3,True,False,True,True,False
PTPRG,False,False,True,B_only,2,3,True,False,True,True,False
PTPRH,False,False,True,B_only,2,3,True,True,False,True,False
QRICH1,False,False,True,B_only,2,3,True,False,True,True,False
R3HDM4,False,False,True,B_only,2,2,True,True,False,False,False
RAB13,False,False,True,B_only,2,2,True,True,False,False,False
RAB18,False,False,True,B_only,2,2,True,False,True,False,False
RAB29,False,False,True,B_only,2,2,True,True,False,False,False
RAB31,False,False,True,B_only,2,3,False,True,True,True,False
RAB3A,False,False,True,B_only,2,2,True,True,False,False,False
RABGGTA,False,False,True,B_only,2,2,True,True,False,False,False
RAD51AP1,False,False,True,B_only,2,2,True,False,True,False,False
RAD51B,False,False,True,B_only,2,2,True,False,True,False,False
RAD54B,False,False,True,B_only,2,2,True,False,True,False,False
RAF1,False,False,True,B_only,2,3,True,False,True,True,False
RANBP2,False,False,True,B_only,2,3,True,False,True,True,False
RASA1,False,False,True,B_only,2,3,True,False,True,True,False
RASSF3,False,False,True,B_only,2,3,True,False,True,True,False
RBAK,False,False,True,B_only,2,2,True,False,True,False,False
RBL1,False,False,True,B_only,2,2,True,False,True,False,False
RBM14,False,False,True,B_only,2,3,True,False,True,True,False
RBM28,False,False,True,B_only,2,2,True,False,True,False,False
RBM33,False,False,True,B_only,2,3,True,False,True,True,False
RBM34,False,False,True,B_only,2,3,True,False,True,True,False
RBM39,False,False,True,B_only,2,3,True,False,True,True,False
RBM43,False,False,True,B_only,2,2,True,False,True,False,False
RBMS3,False,False,True,B_only,2,3,True,False,True,True,False
RBPJ,False,False,True,B_only,2,3,True,False,True,True,False
RECQL5,False,False,True,B_only,2,3,True,True,False,True,False
REEP1,False,False,True,B_only,2,2,True,False,True,False,False
REV3L,False,False,True,B_only,2,2,True,False,True,False,False
RFC1,False,False,True,B_only,2,2,True,False,True,False,False
RFC3,False,False,True,B_only,2,2,True,False,True,False,False
RGS16,False,False,True,B_only,2,2,True,True,False,False,False
RHOB,False,False,True,B_only,2,3,True,False,True,True,False
RHOBTB2,False,False,True,B_only,3,3,True,True,True,False,False
RHOF,False,False,True,B_only,2,2,True,True,False,False,False
RHOH,False,False,True,B_only,3,3,True,True,True,False,False
RHOV,False,False,True,B_only,2,2,True,True,False,False,False
RIN2,False,False,True,B_only,2,2,True,False,True,False,False
RNASEH2A,False,False,True,B_only,2,2,True,True,False,False,False
RND1,False,False,True,B_only,2,2,True,False,True,False,False
RNF122,False,False,True,B_only,2,2,True,False,True,False,False
RNF13,False,False,True,B_only,2,2,True,False,True,False,False
RNF145,False,False,True,B_only,2,2,True,True,False,False,False
RNF146,False,False,True,B_only,2,2,True,False,True,False,False
RNF185,False,False,True,B_only,2,2,True,False,True,False,False
RNF19A,False,False,True,B_only,2,3,True,False,True,True,False
RNF31,False,False,True,B_only,2,2,True,True,False,False,False
ROCK2,False,False,True,B_only,2,2,True,False,True,False,False
ROM1,False,False,True,B_only,2,2,True,True,False,False,False
ROR1,False,False,True,B_only,2,2,False,False,True,False,True
ROS1,False,False,True,B_only,2,2,True,False,True,False,False
RPAP1,False,False,True,B_only,2,2,True,False,True,False,False
RPL13A,False,False,True,B_only,2,2,True,True,False,False,False
RPL18,False,False,True,B_only,2,2,True,True,False,False,False
RPL23A,False,False,True,B_only,2,2,True,True,False,False,False
RPL41,False,False,True,B_only,2,2,True,True,False,False,False
RPLP0,False,False,True,B_only,2,2,True,True,False,False,False
RPLP2,False,False,True,B_only,2,2,True,True,False,False,False
RPRD1B,False,False,True,B_only,2,2,True,False,True,False,False
RPS15,False,False,True,B_only,2,2,True,True,False,False,False
RPS16,False,False,True,B_only,2,3,True,True,False,True,False
RPS2,False,False,True,B_only,2,2,True,True,False,False,False
RPS27,False,False,True,B_only,2,2,True,True,False,False,False
RPS5,False,False,True,B_only,3,3,True,True,True,False,False
RPS6KA4,False,False,True,B_only,2,2,True,True,False,False,False
RPS6KA5,False,False,True,B_only,2,3,True,False,True,True,False
RPS6KB2,False,False,True,B_only,2,3,True,True,False,True,False
RPTOR,False,False,True,B_only,2,3,True,False,True,True,False
RRAGC,False,False,True,B_only,2,2,True,False,True,False,False
RRM1,False,False,True,B_only,2,2,True,False,True,False,False
RRNAD1,False,False,True,B_only,2,2,True,True,False,False,False
RSRC1,False,False,True,B_only,2,2,True,False,True,False,False
RTF1,False,False,True,B_only,2,2,True,False,True,False,False
RTP4,False,False,True,B_only,2,2,True,False,True,False,False
RTTN,False,False,True,B_only,2,2,True,False,True,False,False
RWDD4,False,False,True,B_only,2,2,True,False,True,False,False
S100A10,False,False,True,B_only,2,3,True,True,False,True,False
S100A11,False,False,True,B_only,3,4,True,True,False,True,True
S100A12,False,False,True,B_only,2,2,True,True,False,False,False
S100A2,False,False,True,B_only,2,2,True,True,False,False,False
S100A8,False,False,True,B_only,2,2,True,True,False,False,False
S100A9,False,False,True,B_only,2,2,True,True,False,False,False
S100PBP,False,False,True,B_only,2,2,True,False,True,False,False
S1PR1,False,False,True,B_only,2,2,False,False,True,False,True
SALL4,False,False,True,B_only,2,3,True,False,False,True,True
SAMSN1,False,False,True,B_only,2,2,True,False,True,False,False
SAP30BP,False,False,True,B_only,2,2,True,True,False,False,False
SARS,False,False,True,B_only,2,3,True,False,True,True,False
SART3,False,False,True,B_only,2,2,True,False,True,False,False
SASH1,False,False,True,B_only,2,3,True,False,True,True,False
SAT1,False,False,True,B_only,2,2,True,True,False,False,False
SAXO2,False,False,True,B_only,2,2,True,False,True,False,False
SBNO2,False,False,True,B_only,3,3,True,True,True,False,False
SCAF11,False,False,True,B_only,2,3,True,False,True,True,False
SCAMP1,False,False,True,B_only,2,2,True,False,True,False,False
SCFD2,False,False,True,B_only,2,2,True,False,True,False,False
SCN3A,False,False,True,B_only,2,2,True,False,True,False,False
SDCBP2,False,False,True,B_only,2,2,True,True,False,False,False
SDCCAG8,False,False,True,B_only,2,2,True,False,True,False,False
SEC14L1,False,False,True,B_only,2,3,True,False,True,True,False
SEC63,False,False,True,B_only,2,3,True,False,True,True,False
SEL1L3,False,False,True,B_only,2,3,True,False,True,True,False
SELPLG,False,False,True,B_only,2,3,True,True,False,True,False
SEMA3C,False,False,True,B_only,2,2,True,False,True,False,False
SEMA4B,False,False,True,B_only,2,2,True,True,False,False,False
SEPT9,False,False,True,B_only,2,2,True,True,False,False,False
SERPINA1,False,False,True,B_only,2,2,False,True,True,False,False
SERPINA3,False,False,True,B_only,2,2,True,False,True,False,False
SERPINB1,False,False,True,B_only,2,2,True,True,False,False,False
SERPINB3,False,False,True,B_only,2,2,True,False,True,False,False
SERPINB9P1,False,False,True,B_only,2,2,True,True,False,False,False
SERPINE1,False,False,True,B_only,2,3,True,True,False,True,False
SERPINI1,False,False,True,B_only,2,2,True,False,True,False,False
SESTD1,False,False,True,B_only,2,2,True,False,True,False,False
SF3B5,False,False,True,B_only,2,3,True,False,True,True,False
SFR1,False,False,True,B_only,2,2,True,True,False,False,False
SGO2,False,False,True,B_only,2,2,True,False,True,False,False
SH3D19,False,False,True,B_only,2,2,True,False,True,False,False
SHC1,False,False,True,B_only,2,3,True,True,False,True,False
SHC3,False,False,True,B_only,2,2,True,False,True,False,False
SHH,False,False,True,B_only,2,2,False,False,True,False,True
SHROOM3,False,False,True,B_only,2,3,True,False,True,True,False
SHTN1,False,False,True,B_only,2,2,True,False,True,False,False
SIAH2,False,False,True,B_only,2,2,True,False,True,False,False
SIRT1,False,False,True,B_only,2,2,True,False,True,False,False
SIRT4,False,False,True,B_only,2,2,True,True,False,False,False
SKAP2,False,False,True,B_only,2,3,True,False,True,True,False
SKINT1L,False,False,True,B_only,2,2,True,False,True,False,False
SLC10A7,False,False,True,B_only,2,3,True,False,True,True,False
SLC11A2,False,False,True,B_only,2,2,True,False,True,False,False
SLC22A15,False,False,True,B_only,2,3,True,False,True,True,False
SLC25A11,False,False,True,B_only,2,2,True,True,False,False,False
SLC25A32,False,False,True,B_only,2,2,True,False,True,False,False
SLC25A45,False,False,True,B_only,2,2,True,True,False,False,False
SLC25A51,False,False,True,B_only,2,3,True,False,True,True,False
SLC26A9,False,False,True,B_only,2,3,False,True,True,True,False
SLC27A4,False,False,True,B_only,2,2,True,False,True,False,False
SLC2A1,False,False,True,B_only,2,2,True,True,False,False,False
SLC30A10,False,False,True,B_only,2,2,True,False,True,False,False
SLC38A1,False,False,True,B_only,2,2,True,False,True,False,False
SLC38A7,False,False,True,B_only,2,2,True,False,True,False,False
SLC39A1,False,False,True,B_only,2,2,True,True,False,False,False
SLC39A10,False,False,True,B_only,2,3,True,False,True,True,False
SLC3A2,False,False,True,B_only,2,3,True,True,False,True,False
SLC43A3,False,False,True,B_only,2,2,True,True,False,False,False
SLC50A1,False,False,True,B_only,2,2,True,True,False,False,False
SLC6A17,False,False,True,B_only,2,2,True,False,True,False,False
SLC6A9,False,False,True,B_only,2,2,True,False,True,False,False
SLCO4A1,False,False,True,B_only,2,3,True,True,False,True,False
SLFN11,False,False,True,B_only,2,2,True,False,True,False,False
SLMAP,False,False,True,B_only,2,2,True,False,True,False,False
SLU7,False,False,True,B_only,2,2,True,False,True,False,False
SMAD3,False,False,True,B_only,2,2,True,True,False,False,False
SMAD7,False,False,True,B_only,2,3,False,True,True,True,False
SMARCA2,False,False,True,B_only,2,2,True,False,True,False,False
SMARCA5,False,False,True,B_only,2,2,True,False,True,False,False
SMARCAL1,False,False,True,B_only,2,3,True,False,True,True,False
SMARCC1,False,False,True,B_only,2,2,True,False,True,False,False
SMG9,False,False,True,B_only,2,2,True,True,False,False,False
SMYD2,False,False,True,B_only,2,2,True,False,True,False,False
SNAP23,False,False,True,B_only,2,2,True,False,True,False,False
SNHG1,False,False,True,B_only,3,3,True,True,True,False,False
SNORD42A,False,False,True,B_only,2,2,True,True,False,False,False
SNORD4B,False,False,True,B_only,2,2,True,True,False,False,False
SNTB2,False,False,True,B_only,2,3,True,False,True,True,False
SNX17,False,False,True,B_only,2,2,True,True,False,False,False
SNX3,False,False,True,B_only,2,2,True,False,True,False,False
SOCS2,False,False,True,B_only,2,3,True,False,True,True,False
SP100,False,False,True,B_only,2,2,True,False,True,False,False
SPAG16,False,False,True,B_only,2,3,True,False,True,True,False
SPAG7,False,False,True,B_only,2,3,True,True,False,True,False
SPATA17,False,False,True,B_only,2,2,True,False,True,False,False
SPC25,False,False,True,B_only,2,2,True,False,True,False,False
SPEF1,False,False,True,B_only,2,2,True,True,False,False,False
SPHK2,False,False,True,B_only,2,2,True,True,False,False,False
SPRED1,False,False,True,B_only,2,2,True,False,True,False,False
SRBD1,False,False,True,B_only,2,2,True,False,True,False,False
SREBF1,False,False,True,B_only,2,2,True,True,False,False,False
SRGAP1,False,False,True,B_only,2,2,True,False,True,False,False
SRSF1,False,False,True,B_only,2,2,True,False,True,False,False
SRSF4,False,False,True,B_only,2,2,True,False,True,False,False
SS18,False,False,True,B_only,2,2,True,False,True,False,False
SSBP1,False,False,True,B_only,2,2,True,False,True,False,False
SSBP4,False,False,True,B_only,2,3,True,True,False,True,False
ST3GAL1,False,False,True,B_only,2,3,True,False,True,True,False
ST6GALNAC4,False,False,True,B_only,2,2,True,True,False,False,False
STK11,False,False,True,B_only,2,3,False,True,False,True,True
STK11IP,False,False,True,B_only,2,2,True,False,True,False,False
STK17A,False,False,True,B_only,2,2,True,True,False,False,False
STK3,False,False,True,B_only,2,3,True,False,True,True,False
STK40,False,False,True,B_only,2,3,True,True,False,True,False
STN1,False,False,True,B_only,3,3,True,True,True,False,False
STOML1,False,False,True,B_only,2,2,True,True,False,False,False
STX5,False,False,True,B_only,2,2,True,True,False,False,False
STX8,False,False,True,B_only,2,2,True,False,True,False,False
STYK1,False,False,True,B_only,2,3,True,False,True,True,False
SULF2,False,False,True,B_only,2,3,True,False,True,True,False
SULT1B1,False,False,True,B_only,2,2,True,False,True,False,False
SUMO1,False,False,True,B_only,2,2,True,False,True,False,False
SYCE2,False,False,True,B_only,2,2,True,True,False,False,False
SYNJ1,False,False,True,B_only,2,2,True,False,True,False,False
SYS1,False,False,True,B_only,2,2,True,True,False,False,False
SYS1-DBNDD2,False,False,True,B_only,2,2,True,True,False,False,False
SYT12,False,False,True,B_only,2,2,True,False,True,False,False
TAF1A,False,False,True,B_only,2,2,True,False,True,False,False
TAGLN2,False,False,True,B_only,2,2,True,True,False,False,False
TATDN1,False,False,True,B_only,2,2,True,False,True,False,False
TBC1D17,False,False,True,B_only,3,3,True,True,True,False,False
TBC1D2,False,False,True,B_only,2,3,True,False,True,True,False
TBC1D31,False,False,True,B_only,2,2,True,False,True,False,False
TBC1D3F,False,False,True,B_only,2,2,True,False,True,False,False
TBC1D5,False,False,True,B_only,2,3,True,False,True,True,False
TBL3,False,False,True,B_only,2,2,True,True,False,False,False
TCAF1,False,False,True,B_only,2,2,True,False,True,False,False
TCF7L2,False,False,True,B_only,2,3,True,False,True,True,False
TCHP,False,False,True,B_only,2,2,True,False,True,False,False
TCOF1,False,False,True,B_only,2,2,True,False,True,False,False
TCTEX1D4,False,False,True,B_only,2,2,True,True,False,False,False
TDO2,False,False,True,B_only,2,2,True,False,True,False,False
TEAD1,False,False,True,B_only,2,3,True,False,True,True,False
TEAD4,False,False,True,B_only,2,3,True,False,True,True,False
TENT2,False,False,True,B_only,2,2,True,False,True,False,False
TERC,False,False,True,B_only,3,4,True,True,True,True,False
TFAP2A,False,False,True,B_only,2,2,True,True,False,False,False
TFRC,False,False,True,B_only,2,3,True,False,True,True,False
THOC6,False,False,True,B_only,2,2,True,True,False,False,False
THRAP3,False,False,True,B_only,2,2,True,False,True,False,False
TICAM1,False,False,True,B_only,2,2,True,True,False,False,False
TIMM10,False,False,True,B_only,2,2,True,False,True,False,False
TIMM17B,False,False,True,B_only,2,2,True,True,False,False,False
TIMM9,False,False,True,B_only,2,2,True,False,True,False,False
TIMP1,False,False,True,B_only,3,3,True,True,False,False,True
TLCD1,False,False,True,B_only,2,2,True,True,False,False,False
TLE4,False,False,True,B_only,2,3,True,False,True,True,False
TLN1,False,False,True,B_only,2,2,True,False,True,False,False
TLR1,False,False,True,B_only,2,2,True,False,True,False,False
TLR4,False,False,True,B_only,2,3,True,False,True,True,False
TLR6,False,False,True,B_only,2,2,True,False,True,False,False
TLR9,False,False,True,B_only,2,2,True,True,False,False,False
TM2D1,False,False,True,B_only,2,3,True,False,True,True,False
TM4SF1,False,False,True,B_only,3,3,True,True,True,False,False
TM4SF20,False,False,True,B_only,2,3,True,True,False,True,False
TM9SF1,False,False,True,B_only,2,3,True,True,False,True,False
TMBIM1,False,False,True,B_only,2,2,True,True,False,False,False
TMCO6,False,False,True,B_only,2,2,True,True,False,False,False
TMED2,False,False,True,B_only,2,2,True,False,True,False,False
TMED4,False,False,True,B_only,2,2,True,False,True,False,False
TMEM102,False,False,True,B_only,2,2,True,True,False,False,False
TMEM107,False,False,True,B_only,2,2,True,True,False,False,False
TMEM132A,False,False,True,B_only,2,2,True,True,False,False,False
TMEM134,False,False,True,B_only,2,3,True,True,False,True,False
TMEM167A,False,False,True,B_only,2,3,True,False,True,True,False
TMEM208,False,False,True,B_only,2,2,True,True,False,False,False
TMEM214,False,False,True,B_only,2,3,True,False,True,True,False
TMEM51,False,False,True,B_only,2,2,True,False,True,False,False
TMEM67,False,False,True,B_only,2,2,True,False,True,False,False
TMEM71,False,False,True,B_only,2,2,True,False,True,False,False
TMOD3,False,False,True,B_only,2,2,True,False,True,False,False
TMSB10,False,False,True,B_only,2,2,True,True,False,False,False
TMSB4X,False,False,True,B_only,2,2,True,True,False,False,False
TMTC1,False,False,True,B_only,2,3,True,False,True,True,False
TNFAIP1,False,False,True,B_only,2,2,True,False,True,False,False
TNFRSF10B,False,False,True,B_only,3,4,True,False,True,True,True
TNFSF13,False,False,True,B_only,2,2,True,True,False,False,False
TNIK,False,False,True,B_only,2,2,True,False,True,False,False
TNPO1,False,False,True,B_only,2,2,True,False,True,False,False
TNPO2,False,False,True,B_only,3,3,True,True,True,False,False
TNS4,False,False,True,B_only,2,3,True,True,False,True,False
TOB1,False,False,True,B_only,2,3,True,False,True,True,False
TOB2,False,False,True,B_only,2,2,True,True,False,False,False
TOMM7,False,False,True,B_only,2,3,True,False,True,True,False
TOP1,False,False,True,B_only,2,2,True,True,False,False,False
TP53,False,False,True,B_only,2,2,True,False,False,False,True
TP63,False,False,True,B_only,2,2,False,False,True,False,True
TPH2,False,False,True,B_only,2,3,True,False,True,True,False
TPK1,False,False,True,B_only,2,2,True,False,True,False,False
TPRA1,False,False,True,B_only,2,2,True,False,True,False,False
TRA2B,False,False,True,B_only,2,2,True,False,True,False,False
TRAPPC9,False,False,True,B_only,2,2,False,True,True,False,False
TRIB1,False,False,True,B_only,3,4,True,True,True,True,False
TRIM37,False,False,True,B_only,2,2,True,False,True,False,False
TRMT112,False,False,True,B_only,2,2,True,True,False,False,False
TRPT1,False,False,True,B_only,2,2,True,True,False,False,False
TSC22D4,False,False,True,B_only,2,2,True,False,True,False,False
TSEN15,False,False,True,B_only,2,2,True,False,True,False,False
TSFM,False,False,True,B_only,2,2,True,True,False,False,False
TSHZ2,False,False,True,B_only,2,3,True,False,True,True,False
TSNAX,False,False,True,B_only,2,2,True,False,True,False,False
TTC22,False,False,True,B_only,2,2,True,False,True,False,False
TTC27,False,False,True,B_only,2,2,True,False,True,False,False
TTC39C,False,False,True,B_only,2,2,True,False,True,False,False
TTI1,False,False,True,B_only,2,2,True,False,True,False,False
TTLL4,False,False,True,B_only,2,2,True,False,True,False,False
TUBGCP3,False,False,True,B_only,2,2,True,False,True,False,False
TULP2,False,False,True,B_only,2,2,True,True,False,False,False
TULP3,False,False,True,B_only,2,2,True,False,True,False,False
TUT1,False,False,True,B_only,2,3,True,True,False,True,False
TXNIP,False,False,True,B_only,2,3,True,True,False,True,False
TYMP,False,False,True,B_only,2,2,True,True,False,False,False
U2AF1L4,False,False,True,B_only,2,2,True,True,False,False,False
U2AF2,False,False,True,B_only,3,3,True,True,True,False,False
U2SURP,False,False,True,B_only,2,2,True,False,True,False,False
UBA1,False,False,True,B_only,2,3,True,True,False,True,False
UBAC2,False,False,True,B_only,2,2,True,False,True,False,False
UBASH3B,False,False,True,B_only,2,3,True,False,True,True,False
UBB,False,False,True,B_only,2,2,True,True,False,False,False
UBC,False,False,True,B_only,2,3,True,True,False,True,False
UBE2V1,False,False,True,B_only,2,3,True,False,True,True,False
UBTF,False,False,True,B_only,3,3,True,True,True,False,False
UFM1,False,False,True,B_only,2,3,True,False,True,True,False
UGP2,False,False,True,B_only,2,3,True,False,True,True,False
UGT1A6,False,False,True,B_only,2,2,True,False,True,False,False
ULK4,False,False,True,B_only,2,2,True,False,True,False,False
UNC13B,False,False,True,B_only,2,2,True,False,True,False,False
UNC45A,False,False,True,B_only,2,2,True,True,False,False,False
UPF2,False,False,True,B_only,2,2,True,False,True,False,False
UQCC1,False,False,True,B_only,2,2,True,False,True,False,False
USP15,False,False,True,B_only,2,2,True,False,True,False,False
USP3,False,False,True,B_only,2,3,True,True,False,True,False
USP30,False,False,True,B_only,2,3,True,False,True,True,False
USP32,False,False,True,B_only,2,3,True,False,True,True,False
USP33,False,False,True,B_only,2,2,True,False,True,False,False
USP38,False,False,True,B_only,2,3,True,False,True,True,False
USP39,False,False,True,B_only,2,2,True,False,True,False,False
USP40,False,False,True,B_only,2,2,True,False,True,False,False
USP8,False,False,True,B_only,2,3,True,False,True,True,False
UTP25,False,False,True,B_only,2,2,True,True,False,False,False
VAPB,False,False,True,B_only,2,3,True,False,True,True,False
VASP,False,False,True,B_only,2,3,True,True,False,True,False
VAV1,False,False,True,B_only,2,2,False,True,True,False,False
VDAC2,False,False,True,B_only,2,2,True,False,True,False,False
VDR,False,False,True,B_only,2,2,False,False,True,False,True
VEGFA,False,False,True,B_only,2,3,False,False,True,True,True
VEGFB,False,False,True,B_only,2,2,False,True,False,False,True
VIM,False,False,True,B_only,2,3,True,False,True,True,False
VKORC1,False,False,True,B_only,2,2,True,True,False,False,False
VPS18,False,False,True,B_only,2,2,True,True,False,False,False
VPS26C,False,False,True,B_only,2,2,True,False,True,False,False
VPS37B,False,False,True,B_only,2,3,True,True,False,True,False
VPS50,False,False,True,B_only,2,3,True,False,True,True,False
VRK2,False,False,True,B_only,2,2,True,False,True,False,False
WASHC3,False,False,True,B_only,2,2,True,False,True,False,False
WASL,False,False,True,B_only,2,2,True,False,True,False,False
WBP1,False,False,True,B_only,2,2,True,True,False,False,False
WBP2,False,False,True,B_only,2,2,True,True,False,False,False
WDR24,False,False,True,B_only,2,2,True,True,False,False,False
WDR25,False,False,True,B_only,2,2,True,False,True,False,False
WDR27,False,False,True,B_only,2,3,True,False,True,True,False
WDR70,False,False,True,B_only,2,3,True,False,True,True,False
WDR74,False,False,True,B_only,3,3,True,True,True,False,False
WDR78,False,False,True,B_only,2,2,True,False,True,False,False
WDR89,False,False,True,B_only,2,3,True,False,True,True,False
WDR90,False,False,True,B_only,2,2,True,True,False,False,False
WNT10A,False,False,True,B_only,2,2,False,True,True,False,False
WSB1,False,False,True,B_only,2,2,True,False,True,False,False
WWOX,False,False,True,B_only,2,3,True,False,True,True,False
XDH,False,False,True,B_only,2,2,False,True,True,False,False
XKR9,False,False,True,B_only,2,2,True,False,True,False,False
XRCC1,False,False,True,B_only,2,2,True,False,True,False,False
YBX3,False,False,True,B_only,2,2,True,False,True,False,False
YIPF5,False,False,True,B_only,2,2,True,False,True,False,False
YWHAE,False,False,True,B_only,2,2,True,False,True,False,False
YWHAZ,False,False,True,B_only,2,3,True,False,True,True,False
ZBTB20,False,False,True,B_only,2,2,True,False,True,False,False
ZBTB40,False,False,True,B_only,2,2,True,False,True,False,False
ZC3H10,False,False,True,B_only,2,2,True,True,False,False,False
ZC3H12A,False,False,True,B_only,3,4,True,True,True,True,False
ZC3H13,False,False,True,B_only,2,2,True,False,True,False,False
ZC3HAV1,False,False,True,B_only,2,3,True,False,True,True,False
ZCCHC3,False,False,True,B_only,2,2,True,False,True,False,False
ZCCHC7,False,False,True,B_only,2,2,True,False,True,False,False
ZCWPW1,False,False,True,B_only,3,3,True,True,True,False,False
ZFAND5,False,False,True,B_only,2,2,True,False,True,False,False
ZFP36,False,False,True,B_only,2,3,False,True,False,True,True
ZFP36L1,False,False,True,B_only,2,3,True,True,False,True,False
ZFYVE26,False,False,True,B_only,2,2,True,False,True,False,False
ZMYND8,False,False,True,B_only,3,4,True,True,True,True,False
ZNF121,False,False,True,B_only,2,2,True,False,True,False,False
ZNF180,False,False,True,B_only,2,2,True,False,True,False,False
ZNF181,False,False,True,B_only,2,2,True,False,True,False,False
ZNF2,False,False,True,B_only,2,2,True,False,True,False,False
ZNF217,False,False,True,B_only,2,2,True,False,True,False,False
ZNF221,False,False,True,B_only,2,2,True,False,True,False,False
ZNF263,False,False,True,B_only,2,2,True,True,False,False,False
ZNF267,False,False,True,B_only,2,2,True,False,True,False,False
ZNF277,False,False,True,B_only,2,2,True,False,True,False,False
ZNF285,False,False,True,B_only,2,2,True,False,True,False,False
ZNF302,False,False,True,B_only,2,2,True,False,True,False,False
ZNF335,False,False,True,B_only,2,2,True,False,True,False,False
ZNF354A,False,False,True,B_only,2,2,True,False,True,False,False
ZNF431,False,False,True,B_only,2,2,True,False,True,False,False
ZNF497,False,False,True,B_only,2,2,True,True,False,False,False
ZNF507,False,False,True,B_only,2,2,True,False,True,False,False
ZNF566,False,False,True,B_only,2,2,True,False,True,False,False
ZNF573,False,False,True,B_only,2,2,True,False,True,False,False
ZNF576,False,False,True,B_only,2,2,True,True,False,False,False
ZNF581,False,False,True,B_only,2,2,True,True,False,False,False
ZNF628,False,False,True,B_only,2,2,True,True,False,False,False
ZNF646,False,False,True,B_only,2,2,True,False,True,False,False
ZNF652,False,False,True,B_only,2,2,True,False,True,False,False
ZNF668,False,False,True,B_only,2,2,True,False,True,False,False
ZNF675,False,False,True,B_only,2,2,True,False,True,False,False
ZNF695,False,False,True,B_only,2,2,True,False,True,False,False
ZNF709,False,False,True,B_only,2,2,True,False,True,False,False
ZNF766,False,False,True,B_only,2,2,True,False,True,False,False
ZNF775,False,False,True,B_only,2,2,True,False,True,False,False
ZNF780A,False,False,True,B_only,2,2,True,False,True,False,False
ZNF800,False,False,True,B_only,2,2,True,False,True,False,False
ZNF816,False,False,True,B_only,2,2,True,False,True,False,False
ZNF837,False,False,True,B_only,2,2,True,True,False,False,False
ZNF862,False,False,True,B_only,2,2,True,False,True,False,False
ZNF92,False,False,True,B_only,2,2,True,False,True,False,False
ZNFX1,False,False,True,B_only,2,2,True,False,True,False,False
ZNHIT2,False,False,True,B_only,2,2,True,True,False,False,False
A2M,False,True,True,both,2,3,True,False,False,True,True
CCR1,False,True,True,both,2,2,True,False,True,False,False
CD9,False,True,True,both,2,3,True,True,False,True,False
HMOX1,False,True,True,both,2,2,True,False,False,False,True
IFNAR1,False,True,True,both,2,3,True,False,False,True,True
IFNGR1,False,True,True,both,2,3,True,True,False,True,False
IL13RA1,False,True,True,both,2,2,True,False,True,False,False
IL1B,False,True,True,both,2,2,True,False,True,False,False
IL4R,False,True,True,both,3,3,True,True,True,False,False
IRF1,False,True,True,both,3,4,True,True,False,True,True
IRF9,False,True,True,both,2,2,True,True,False,False,False
ITGA4,False,True,True,both,2,2,True,False,True,False,False
JUN,False,True,True,both,2,3,True,True,False,True,False
LTBR,False,True,True,both,2,2,True,True,False,False,False
MAP3K8,False,True,True,both,2,3,True,True,False,True,False
MYD88,False,True,True,both,2,3,True,False,False,True,True
PIM1,False,True,True,both,2,3,True,False,False,True,True
PTPN1,False,True,True,both,2,3,False,True,True,True,False
PTPN2,False,True,True,both,2,3,True,False,True,True,False
STAT1,False,True,True,both,3,4,True,True,False,True,True
STAT3,False,True,True,both,2,3,True,True,False,True,False
TNFRSF1A,False,True,True,both,2,2,True,True,False,False,False
TNFRSF21,False,True,True,both,2,3,True,False,True,True,False
TYK2,False,True,True,both,2,3,True,False,False,True,True
