"gene","excluded_by_rule","chromosome","max_detection_pct","route_into_panel","dominant_in_n_atlases"
"CRLF2","2_undetectable_under_1pct_in_every_compartment","chrX/chrY",0.1385,"A_only",0
"DNTT","2_undetectable_under_1pct_in_every_compartment","chr10",0.027,"A_only",0
"GFAP","2_undetectable_under_1pct_in_every_compartment","chr17",0.5017,"B_only",3
"LEP","2_undetectable_under_1pct_in_every_compartment","chr7",0.3032,"B_only",0
"OPRM1","2_undetectable_under_1pct_in_every_compartment","chr6",0.872,"B_only",0
"PAX3","2_undetectable_under_1pct_in_every_compartment","chr2",0.1356,"B_only",2
"IL13RA1","3.3_sex_chromosome","chrX",44.9194,"A_only",2
"IL2RG","3.3_sex_chromosome","chrX",56.7228,"A_only",0
"TIMP1","3.3_sex_chromosome","chrX",98.3844,"B_only",0
